12 Piece Punch and Chisel Set,12,4
4 Piece Pry Bar Set,12,4
4-Methylprazole -Fomepizole Antizol-Vet 1.5 ml vial ,12,4
6-person Tent ,pallet of 12,4
8-person Tent ,pallet of 12,4
20-person Tent ,pallet of 12,4
24-person Tent ,pallet of 12,4
AC Current Detector,box of 25,4
Acepromazine- 10mg/ml- 50 ml bottle- Vet use only ,10 bottles,4
Acetaminophen- 325mg tablets- PO,50 tablets,2
Acetazolamide- 250mg- PO,50 tablets,2
Adapter Kit- Air bag- high-pressure,case of 10,4
Adapter Kit- Gravity Feed- 5 Gallon Jerrican ,5,4
Adapter Kit- Multi fuel,case of 10,4
Adapter- 1.5 inchNPT X 1.5 inchNH- fire hose,2,4
Adapter- 110 VAC- for Hydraulic Vehicle Rescue,case of 10,4
Adapter- Adult/PEDI- CO2 box/25,case of 10,4
Adapter- BI-1 concrete- 2 inch diameter,case of 10,4
Adapter- Boat Motor Flush,5,4
Adapter- Fire Hose- 2-1/2 inch to 1-1/2 inch,case of 10,4
Adapter- Fire Hose- 3 inch to 1-1/2 inch,5,4
Adapter- Inlet Duct ,case of 10,4
Adapter- RoboPak to Genisis/Milwaukee,5,4
Adapter- SDS Max to SDS/SDS Plus- Electric Rotary Hammer,case of 10,4
Adapter- SDS Max to Spline- Electric Rotary Hammer,5,4
Adapter-1.5 inch NST Female to 3/4 inch GHT,case of 10,4
Adenosine 6mg/2cc vial,5 vials,2
Aero Chamber Spacer Device- or equivalent,case of 10,4
Air bag- lifting- high-pressure- Kevlar- 16-20 ton capacity,6,4
Air bag- lifting- high-pressure- Kevlar- 28-34 ton capacity,6,4
Air bag- lifting- high-pressure- Kevlar- 3 ton capacity,6,4
Air bag- lifting- high-pressure- Kevlar- 30-36 ton capacity- rectangular shape,6,4
Air bag- lifting- high-pressure- Kevlar- 40-50 ton capacity,6,4
Air bag- lifting- high-pressure- Kevlar- 5 ton capacity,6,4
Air bag- lifting- high-pressure- Kevlar- 8-15 ton capacity,6,4
Air box- portable supplied air system- NIOSH/OSHA ,6,4
Air Conditioner- Portable OR Window Type- 110V ,5,4
Air Filters- Hydraulic Vehicle Rescue System,box of 10,4
Air Filters- Spare- for Boat Motor,box of 10,4
Air horn- with hand pump ,box of 10,4
Airway- Non-visualized airway- Adult,box of 10,2
Airways- Nasopharyngeal- Kit,box of 10,2
Airways- Oropharyngeal- Kit,box of 10,2
Alarm Device- Audible ,box of 10,4
Albuterol- 0.5% Soln- 20mg multi-dose bottles- INHAL ,25 bottles,2
Albuterol- 2.5mg unit dose- INHAL,2 boxes,2
Albuterol- MDI/Aerosol- INHAL,box of 10,2
All Generators- Cords- Adapters are in Logistics Section,box of 10,2
Amiodarone HCI -Cordarone 150 mg vial,2 vials,2
Amoxicillin/Clavulinic Acid- 875 mg,50 tablets,2
Amputation Kit- Each kit ,case of 10,4
Anchor- Boat- 18lb- w/Anchor Rope,2,4
Anchor- Hilti Undercut- 8/box,box of 10,4
Anchors- Masonry 1/4 inchx1-1/4 inch -100 per box,box of 10,4
Anchors- Wedge- Concrete- 1/2 inch x 5-1/2 inch,box of 10,4
Anchors- Wedge- Concrete- 1/2 inch x 7 inch,box of 10,4
Angle Grinder- 5 inch,case of 10,4
Animax-  15 ml btl- or equivalent -Panalog- otomax 15 gm,box of 10,4
Antacid/Simethicone- PO,box of 10,4
Antanna- Ground Plain Array- 10 through 80 Meter,box of 10,4
Antenna- 10 Meter -Wire Dipole,box of 10,4
Antenna- 15 Meter- Wire Dipole,box of 10,4
Antenna- 160 Meter- Wire Dipole,box of 10,4
Antenna- 20 Meter- Wire Dipole,box of 10,4
Antenna- 40 Meter- Wire Dipole,box of 10,4
Antenna- 6 Meter- Wire Dipole,box of 10,4
Antenna- 80 Meter- Wire Dipole,box of 10,4
Antenna- Off-Center-Fed- Windom 2 through 80 Meter,box of 10,4
Antenna- Vertical- 10 through 80 Meter,box of 10,4
Antenna- Vertical- 20 through 40 Meter,box of 10,4
Antenna- Vertical- 20 through 60 Meter,box of 10,4
Antenna- Vertical- 20 through 80 Meter,box of 10,4
Antenna- Vertical- 6 through 10 Meter,box of 10,4
Antisedan- Injectable -atipamezole HCl,15 vials,2
Antivenin-Crotalid 10 ml vials,10 vials,2
Apomorphine- 6mg Tabs,100 tablets,2
Aprons- Plastic- disposable- light weight- 100/roll,case of 10,4
Ascenders- Rope- caming device for ½ inch rope- 5400 lbs ,case of 10,4
Ascenders- Rope- Gibbs- caming device for ½ inch rope- 5400 lbs,case of 10,4
Ascenders- Rope- Gibbs- caming device for 3/4 inch rope- -5400 lbs ,case of 10,4
Aspirin- 325mg tablets- PO,500 tablets,2
Atropine 1% eye drop- 5cc bottle,10 bottles,2
Atropine eye drops,10 bottles,2
Atropine Sulfate 0.4mg/ml- 20cc vial,10 vials,2
Atropine Sulfate- 0.1mg/ml- 1mg amps- pre-filled ,10 amps,2
Attachments- Hydraulic Rams- Vehicle Rescue System /w case,case of 10,4
Awl- Scratch- 100 plus,case of 10,4
Axe- flat head- fiberglass handle,box of 10,4
Axe- flat head- wood handle,box of 10,4
Axe- Pry- -w/ standard claw and leather sheath,box of 10,4
Azlthromycin- 500mg tab- PO,50 tablets,2
Aztek Elite- Mini 4:1- Rope Kit,case of 10,4
Bacitracin Ointment- 15gm tubes- TOP ,10 tubes,2
Back Pack- Large -Thomas or Contera or EQ,box of 10,4
Backboard Half- confined space immobilization- c-spine,box of 10,4
Backboard- Full- w/ vertical lift capability,box of 10,4
Backpack/Equipment Vest -for carrying small items,box of 10,4
Bag- bio hazard- for medical waste,case of 10,4
Bag- Body- with handles and zippers -non-translucent,case of 10,4
Bag- Cable 300ft.,case of 10,4
Bag- Carry 1000 soft,case of 10,4
Bag- Duffel- Mesh- CMC Rescue- Yellow Mesh- 1000 Denier ,box of 10,4
Bag- Garbage- Heavy Duty- Large-roll,box of 10,4
Bag- Resealable- -sandwich size 50/box,box of 10,4
Bag- Rope- for 200ft. - 300ft. rope,box of 10,4
Bag- Rope- for 400ft. - 500ft. rope,box of 10,4
Bag- Rope- rescue hardware,box of 10,4
Bag- Rope- rescue hardware- yellow,box of 10,4
Bag- Waterproof- Large- For Handheld Radios- w/Lanyard,box of 10,4
Ball cap- black ,box of 25,4
Ball cap- green ,box of 25,4
Ball cap- light blue ,box of 25,4
Ball cap- navy blue ,box of 25,4
Ball cap- orange ,box of 25,4
Ball cap- purple ,box of 25,4
Ball cap- red ,box of 25,4
Ball cap- white ,box of 25,4
Ball cap- yellow ,box of 25,4
Balun- 1:1 Curent,case of 4,4
Balun- 12:1 Current,case of 4,4
Balun- 16:1 Current,case of 4,4
Balun- 2:1 Current,case of 4,4
Balun- 4:1 Current,case of 4,4
Balun- 5:1 Current,case of 4,4
Balun- 6:1 Current,case of 4,4
Balun- 9:1 Current,case of 4,4
Bandages- Elastic- 3 inch ace wrap,case of 10,4
Bandages- Elastic- 6 inch ace wrap,case of 10,4
Bandages- Triangular ,case of 10,4
Band-Aids- 2 inchx 2 inch- box,case of 10,4
Band-Aids- assorted sizes- box,case of 10,4
Banding system- with strapping,1,4
Bar- Chain saw- 16 inch- spare- w/sprocket,case of 4,4
Bar- Chain Saw- Roller Tip,case of 4,4
Bar- Chain Saw- Roller Tip- oiler,case of 4,4
Bar- Concrete chain saw- 15 inch-,case of 4,4
Bar- pry- pinch point  60 inch,case of 4,4
Bar- Rope- 600ft.,case of 4,4
Bar- wrecking 18 inch,case of 4,4
Bar- wrecking 30 inch,case of 4,4
Barrier Tape- Fireline printed ,case of 4,4
Base- Hinged 12 inch with anchor ring,case of 4,4
Base- Hinged 16 inch with anchor ring,case of 4,4
Base- Junction- Raker,case of 4,4
Base- Rigid- 6 inch ,case of 4,4
Base- Swivel- 6 inch,case of 4,4
Bath Wipes ,box of 100,4
Battery Pack- Aux for Milwaukee cordless tools,case of 4,4
Battery Pack- w/ For Hydraulic Vehicle Rescue System,case of 4,4
Battery- 18 volt- Spare for Cordless Reciprocating Saw,case of 4,4
Battery- 28 VDC Milwauklee 3000mah for Hydraulic Rescue System,case of 4,4
Battery- 28 volt- Spare for Cordless Reciprocating Saw,case of 4,4
Battery- 9 VOLT ,box of 100,4
Battery- AA ,box of 100,4
Battery- AAA ,box of 100,4
Battery- C ,box of 100,4
Battery- D ,box of 100,4
Battery- Lithuim- for Defibrillator/Monitor LP 15,box of 36,4
Battery- spares- for Nivo Total Station -2 required for each unit,box of 36,4
Bed Pan- Fracture,box of 36,4
Belt- carpenter- quick disconnects- with 2 pouches,box of 36,4
Belts- power rotary saw- 14 inch  ,box of 36,4
Betadine Ointment- packets or tubes,case of 10,4
Betadine Solution- 8oz bottle,case of 10,4
Betagen Spray- 120 ml- antibiotic with steroid spray,case of 10,4
Binoculars- 10 x 50 power- waterproof,box of 4,4
Binoculars- waterproof                                                              ,box of 4,4
BI-Pod Conversion Kit,box of 4,4
Bisacodyl- -Dulcolax- 5mg- PO,box of 4,4
Bit- 1 inchx11 inch- Flat chisel- Self sharpening,box of 24,4
Bit- 1 inchx11 inch- Pointed chisel- Self Sharpning,box of 24,4
Bit- 1 inchx19 inch- Flat chisel- Self sharpening,box of 24,4
Bit- 1 inchx19 inch- Pointed chisel- Self Sharpning,box of 24,4
Bit- Bull Point- 10-14 inch- Electric Rotary Hammer,box of 24,4
Bit- Bull point- 14-18 inch Electric Rotary Hammer ,box of 24,4
Bit- Bullpoint- 18 inch,box of 24,4
Bit- Carbide Tip- 1 1/2 inch x 24 inch- Hydraulic Hammer Drill ,box of 4,4
Bit- Carbide Tip- 1 inchx 24 inch- Hydraulic Hammer Drill,box of 4,4
Bit- Carbide Tip- 2 inch x 24 inch- Hydraulic Hammer Drill,box of 4,4
Bit- Carbide Tipped- 1 inch SDS MAX- Electric Roatary Hammer,box of 4,4
Bit- Carbide Tipped- 1/2 inch- SDS MAX- Electric Rotary Hammer,box of 4,4
Bit- Carbide tipped- 1/2 inch- 14-22 inch Length-   Rotary Hammer,box of 4,4
Bit- Carbide Tipped- 1-1/2 inch- SDS MAX- Electric Rotary Hammer-,box of 4,4
Bit- Carbide Tipped- 3/4 inch- SDS MAX Electric Rotary Hammer,box of 4,4
Bit- Carbide-tipped- Turbo- 2 5/8 inch- Electric Rotary Hammer ,box of 4,4
Bit- Chisel- 1 inch x 14 inch- Hydraulic Breaker,box of 24,4
Bit- Chisel- 1 inch x 22 inch- Hydraulic Breaker,box of 24,4
Bit- Chisel- 3 inch x 14 inch- Hydraulic Breaker,box of 24,4
Bit- Chisel- 3 inch x 22 inch- Hydraulic Breaker,box of 24,4
Bit- Coring- Concrete-  2 inch diameter,box of 24,4
Bit- Coring- Diamond Faced- 2 inch x 17 inch,box of 24,4
Bit- Curved flat 11 inch,box of 24,4
Bit- Curved flat- 18 inch,box of 24,4
Bit- Curved flat- 8 inch,box of 24,4
Bit- Drill- carbide tip- Masonary- set 1/4 inch - 1/2 inch,box of 24,4
Bit- Drill- SDS MAX,box of 24,4
Bit- Drill- steel- 15 piece set- general purpose- 1/16 inch - 1/2 inch,box of 24,4
Bit- Dual cutter- 11 inch,box of 24,4
Bit- Flat Chisel Point- 10-14 inch. Electric Rotary Hammer,box of 24,4
Bit- Flat Chisel Point- 14-18 inch Electric Rotary Hammer,box of 24,4
Bit- Flat face- 18 inch,box of 24,4
Bit- Flat- 15ft.,box of 24,4
Bit- KeenKut- Hydraulic Breaker,box of 24,4
Bit- Moil Point 14 inch- Hydraulic Breaker,box of 24,4
Bit- Moil Point- 16 inch- Hydraulic Breaker ,box of 24,4
Bit- Pointed- 15 inch,box of 24,4
Bit- Ship Auger- 1-1/2 inch,box of 24,4
Bit- Ship Auger- 3/4 inch,box of 24,4
Bit- T Panel- 11 inch,box of 24,4
Bladder- water- gray- 500 Gallon  ,case of 25,4
Bladder- water- potable- 500 Gallon  ,case of 25,4
Blade- Abrasive- Steel Cutting- 14 inch-  Power Rotary Saw,case of 25,4
Blade- Carbide Tip- 14 inch- Gasoline Ring Saw reinforced concrete,case of 25,4
Blade- Carbide Tip- 14 inch- power rotary saw,case of 25,4
Blade- Circular Saw- Carbide tip  7-1/4 inch- 16 teeth,case of 25,4
Blade- Circular Saw- Carbide tip-  10-1/4 inch- 28 teeth,case of 25,4
Blade- Circular Saw- Metal Cutting- 8 inch,case of 25,4
Blade- Diamond Tip- Concrete Cutting- 14 inch  ,case of 25,4
Blade- diamond tip- cutting- 14 inch- power rotary saw,case of 25,4
Blade- Hacksaw- 12 inch - 18 tpi- shatterproof,case of 25,4
Blade- Hacksaw- 12 inch - 24 tpi- shatterproof,case of 25,4
Blade- Laryngoscope- fiberoptic- disposable,case of 25,4
Blade- Laryngoscope- fiberoptic- non-disposable,case of 25,4
Blade- Premium Diamond for 5 inch angle grinder,case of 25,4
Blade- Reciprocating Saw- bi-metal- 6 inch-9 inch- 18-10 tpi  -5/pkg,case of 25,4
Blade- Reciprocating Saw- Metal-cutting-  6 inch-9 inch- 5/pkg,case of 25,4
Blade- Reciprocating Saw- Wood-cutting- Shatterproof  9 inch 5/pkg,case of 25,4
Blade- Reciprocating Saw- Wood-cutting- 12 inch 5/pkg,case of 25,4
Blade- Reciprocating Saw- Wood-cutting- 6 inch 5/pkg,case of 25,4
Blade- Utility Knife- Spare. 100 per pack,case of 25,4
Blade- wood-cutting- 12 inch- Reciprocating Saw -5/pkg,case of 25,4
Blade- wood-cutting- shatterproof  9 inch- Reciprocating Saw -5/pkg,case of 25,4
Blade-wood-cutting- shatterproof  6 inch- Reciprocating Saw -5/pkg,case of 25,4
Blanket- polypro- navy blue or equivalent ,case of 5,4
Blankets- Mylar Space or equivalent,case of 5,4
Bleach- liquid or granular ,case of 10 ,4
Blower- ventilation- for confined space- electric,pallet of 6,4
Board- Immobilization- Pediatric- complete w/bag,pallet of 6,4
Book- Log- Rope usage,case of 25,4
Boot Covers- safety boots- disposable- pair,case of 25,4
Boots- Protective- K9- -4 per set-Size Determined by Task Forces,case of 25,4
Bottled water ,case of 25,4
Bottles- Spray or Misting,case of 25,4
Bottles- Spray- 16 oz,case of 25,4
Bottles- Spray- 8 oz,case of 25,4
box- 3 ft X 2 ft X 1 ft- locking lid,pallet of 6,4
box fan ,case of 5,4
box- Shipping- for blood draw tubes- with absorbant- 10 per case,pallet of 6,4
BP Cuff- adult -Semi-Disposable,case of 25,4
BP Cuff- obese/thigh with Manometers,case of 25,4
BP Cuff- pediatric -Semi-Disposable,case of 25,4
BP Manometers,case of 25,4
Bracket- Helmet-  FOR FULL-FACE FACESHIELD -DIALECTRIC,case of 25,4
Breaker- hydraulic 45 lb.,pallet of 6,4
Breaker- hydraulic- 90 lb.,pallet of 6,4
Breathing apparatus- airline-supplied SABA- 4500 PSI,case of 10,4
Breathing apparatus- Cylinders spare- 10-minute- 4500 psi,pallet of 6,4
Bridle- Litter- Proseries Litter Harness,pallet of 12,4
Bridle- Litter- Proseries Litter Harness- med,pallet of 12,4
Broom- Push- w/fiberglass handle- 24 inch,pallet of 12,4
Brush- Scrub- Sterile- Hibiclens- 30 / box,pallet of 12,4
Brushes- Scrub- Plain surgical- 30/box,pallet of 12,4
Bucket- collapsible- 12 inch X 17 inch,pallet of 12,4
Bucket- plastic- 5 gallon- w/ handle,pallet of 12,4
Buoy- Ring-  USCG approved- urethane foam core-Oil/Gas Resistant,pallet of 12,4
Bupivacaine 0.5%  30 ml vial,12 vials,2
Buretrol Sets,2 boxes,2
Butorphanol- 10 mg vial -Torbugesic- 10 mg/ml- -Vet use only,2 vials,4
Cable Coiler,Package of 25,4
Cable Come a Long 3-Ton- 6000,Package of 25,4
Cable- 100ft. with connecters,Package of 25,4
Cable- 18 inch expansion w/ connectors,Package of 25,4
Cable- 25ft. prob interface cable,Package of 25,4
Cable- 50ft.,Package of 25,4
Cable- Extension 8ft.- for Reusable Sensor -SpO2- SPCO,Package of 25,4
Cable- Intercom- 100 ft. with strain relief and snap hook,Package of 25,4
Cable- Operator- 1ft. w/ mute,Package of 25,4
Cable- Operator- 20ft. with mute,Package of 25,4
Cable- Wire Rope- for Grip Hoist- w/Safety Hooks- 60ft.,Package of 25,4
Calcium Chloride- Injection- 10%- 10mg amps- pre-filled,Package of 25,4
Calculator- handheld- AA battery powered- w/ tape,box of 24,4
Calculator- handheld- AAA battery powered- w/ tape  ,box of 24,4
Calculator- scientific ,box of 24,4
Camera- Digital- Kit,5 kits,4
Camera- digital- water / shock resistant- 16 MP,Package of 5,4
Camera- digital- water / shock resistant-  64 MP,Package of 5,4
Camera- Search- Mongoose,Package of 5,4
Camera- Search- telescoping with color monitor,Package of 5,4
Camera- Thermal Imaging- Infrared- Fire Service model,Package of 5,4
Can- Fuel- military w/gaskets and caps as appropriate for product,pallet of 24,4
Canine Probiotic- 15/box,box of 24,4
Canister- Suction- spare ,box of 24,4
Cannula- Blunt,box of 24,2
Cannula- Nasal O2- Adult,box of 24,2
Canteen Cover- White,box of 21,4
Canteen Cover- Blue,box of 22,4
Canteen Cover- Red,box of 23,4
Canteen Cover- Yellow,box of 24,4
Carabiner- Aluminum- Quick Release- G Rated,box of 24,4
Carabiners- Rope- locking  inchD inch- 10-000 tensile strength,box of 24,4
Carabiners- Rope- locking  inchD inch- 15-000 tensile strength,box of 24,4
Card stock Emergency Response Services signs ,Package of 25,4
Card- Index- ruled- 3 inch x 5 inch -300/pkg,Package of 25,4
Card- Index- unruled- 3 inch x 5 inch -300/pkg,Package of 25,4
Card- Memory- 16 gigabyte- Digital Camera,Package of 25,4
Card- Memory- 16GB- Compact Digital Camera,Package of 25,4
Card- Memory- 2-8 gigabyte- Video- digital,Package of 25,4
Card- Memory- 32 gigabyte- Digital Camera,Package of 25,4
Cardic Monitor- Compact,Package of 25,4
Carrier- debris- 4ft. x 4ft.,Package of 25,4
Cartridges- Electrolyte monitor-  ,Package of 25,4
Cartridges- Electrolyte monitor- portable,Package of 25,4
case for 19 feet x 35 feet tent  ,pallet of 6,4
case for 20 foot octagon tent  ,pallet of 6,4
case- Carrying case Oxygen D cylinder size- deluxe or EQ,pallet of 6,4
case- Carrying- Molded,pallet of 6,4
case- Protective- Water Resistant- RAD 57 Oxymeter,pallet of 6,4
case- Shipping- Hard Shell- for Tripod,pallet of 6,4
case- Waterproof- Lifetime Warranty- Yellow with a clear lid,pallet of 6,4
case- Protective for LP 15,pallet of 6,4
Cast Padding- 3?- 24/pkg ,Package of 25,4
Catalog- ICS Forms,case of 10,4
Catheter- Adult- Suction with Thumb Port 14FR,case of 10,2
Catheter- Adult- Suction Yaunker,case of 10,2
Catheter- Foley- Prep Trays and Collection Bags -10 French Ped,case of 10,2
Catheter- Foley- Prep Trays and Collection Bags -16 French,case of 10,2
Catheter- IV- 14g -E.S.I.P. ,case of 10,2
Catheter- IV- 16g -E.S.I.P.,case of 10,2
Catheter- IV- 18g -E.S.I.P.,case of 10,2
Catheter- IV- 20g -E.S.I.P.,case of 10,2
Catheter- IV- 22g -E.S.I.P.,case of 10,2
Catheter- IV- 24g -E.S.I.P.,case of 10,2
Catheter- Pedi- Suction with Thumb Port- 6 FR,case of 10,2
Ceftriaxone- 1gm unit doses- IM or IV,10 vials,2
Center Punch -Window Punch,case of 10,4
Central Venous Access Kits Arrow- Triple Lumen- Adult,case of 10,4
Central Venous Access Kits- Arrow- Triple Lumen- Pediatric,case of 10,4
Cephalexin- 500mg- PO,100 tablets,2
Cephazolin- 1gm unit doses- IV- Vials,2 vials,1
Cerenia -maropitant citrate 10 mg/ml,5 vials,2
Cerenia tablets 60 mg- 4 tablets/box,10 boxes,2
Chain oil- 2-1/2 gal,case of 4,4
Chain saw chain- 36 inch,case of 24,4
Chain saw file  ,case of 24,4
Chain saw safety kit- helmet and face mask ,case of 24,4
Chain saw- 36 inch  ,case of 24,4
Chain Wedge For 3/8 inch Chain- ,case of 24,4
Chain- 3/8 inch x 10ft.- grade 8- lifting- with Clevis- slip hooks,case of 24,4
Chain- 3/8 inchx 20ft.- grade 8- lifting- with Clevis- slip hook ,case of 24,4
Chain- Carbide Tip- Laser Weld- 16 inch- wood cutting,case of 24,4
Chain- Carbide Tip- Laser Weld- 22 inch- wood cutting,case of 24,4
Chain- Chipper- 16 inch- wood cutting,case of 24,4
Chain- Chipper- 22 inch- wood cutting,case of 24,4
Chain- Diamond segment- 15 inch- Concrete cutting- hydraulic,case of 24,4
Chains- Chainsaw- 16 inch- Spare,case of 24,4
Chalk- line- 100ft.- with chalk,case of 24,4
Chaps- Chainsaw- 36 inch Length,case of 24,4
Chaps- Chainsaw- 36 inch Length HD,case of 24,4
Chaps- Chainsaw- 36 inch length- water resistant,case of 24,4
Charcoal- activated- 50 gr tube,case of 24,4
Charger- Battery 12VDC,case of 24,4
Charger- Battery- Tender,case of 24,4
Charger- Dual- for Nivo Total Station,case of 24,4
Charger- for Defibrillator/Monitor LP 15,case of 24,4
Charger- RoboPak Battery Pack,case of 24,4
Charger- Triple Bank- for Hydraulic Vehicle Rescue System,case of 24,4
Chest Tube Kit,case of 24,4
Chisel Kit- Pneumatic-  complete- w/ accessories,case of 24,4
Chisels- wood- assorted not to exceed 6 chisels total- set,case of 24,4
Chucks- Absorbent,set of 12,4
Ciprofloxacin- 500mg- PO,100 tablets,2
Ciprofloxin- 500 mg- 100 per bottle,set of 12,4
Circuits- Ventilator- Wye- Disposable for Automatic Ventilator,set of 12,4
Clamps- Wall- Listening device,set of 12,4
Claw Hammer  ,case of 12,4
Cleaner- Battery Post ,case of 12,4
Cleaning kits ,case of 10,4
Clinical Procedures in Emergency Medicine- Roberts and Hedges,case of 24,4
Clinometer- foresters type- calibrated for 100 feet,case of 24,4
Clipboards- metal bound ,box of 25,4
Clipboards- metal bound- with storage pockets,case of 24,4
Clips- Paper- jumbo- -100/pkg,case of 24,4
Clips- Paper- Regular- -100/pkg ,case of 24,4
Clips- papers- jumbo ,case of 10 boxes,4
Clips- papers- regular ,case of 10 boxes,4
Clotrimazole / Lotrimin cream- ,case of 24,4
CMC- Tower Climb- Azzard,case of 24,4
CO Oxymeter- Handheld- w/SpO2- and Operatorft.s Manual,case of 24,4
Coat- Cold weather- K9 -Size ,case of 24,4
Collars- Cervical-  adjustable ,case of 24,4
Collars- Cervical- Pediatric ,case of 24,4
Combi Tool- Hydraulic Vehicle Rescue System- Battery Powered,case of 24,4
Combs- Plastic- disposable,case of 24,4
Commode Kit ,case of 25,4
Compass,case of 25,4
Compass- navigation- high quality,case of 25,4
Concrete coring tool- capable of cutting 2 inch diameter hole ,case of 25,4
Connector Kit- assortment of  connectors with crimping pliers,case of 10 boxes,4
Connector- Double Female Barrel Connector,case of 10 boxes,4
Connector- Feed line Choke Balun,case of 10 boxes,4
Connectors- Oxygen Tubing- Double Male+A609,case of 10 boxes,4
Container- for Decon Kit Support Supplies,case of 10 boxes,4
Container- Sharp-Object Disposal- individual size,case of 10 boxes,4
Container- Sharp-Object Disposal- large size,case of 10 boxes,4
Container- Storage- K9 Food- 30lb ,case of 10 boxes,4
Controler- Deadman- SPARE,case of 10 boxes,4
Controller- Dead man- Shore- Expandable,case of 10 boxes,4
Retaining Ring Pliers,case of 10 boxes,4
Cooler- insulated- 48-120 qt ,case of 10 boxes,4
Cord- 50ft. prob cord with snap hook,case of 10 boxes,4
Cord- prussik- 8mm- Green,case of 10 boxes,4
Cord- prussik- 8mm- Red,case of 10 boxes,4
Coring Tool- Concrete- electric,pallet of 12,4
Corpsman- Kit- Field- Deluxe ,pallet of 12,4
Corpsman- Kit- Field- Basic,pallet of 12,4
Cot- Patient- Surgical Medical- Waist Level,pallet of 12,4
Cots- 8 ft.,pallet of 12,4
Cots- General Purpose,pallet of 12,4
Coupler- Pipe,pallet of 12,4
Couplings- Hydraulic- flush face- 1/2 inch NPT,case of 10 boxes,4
Couplings- Hydraulic- flush face- 3/8 inch NPT,case of 10 boxes,4
Cover- Umbilical- Black 100ft.,case of 10 boxes,4
Cover- Umbilical- Blue 100ft.,case of 10 boxes,4
Cover- Umbilical- Orange 100ft.,case of 10 boxes,4
Cover- Umbilical- Red 100ft.,case of 10 boxes,4
Coveralls- plain -Tyvek- Saranex,case of 10 boxes,4
Crayon- lumber- assorted colors,case of 10 boxes,4
Crayon- Marking- Black,case of 10 boxes,4
Crayon- Marking- Red,case of 10 boxes,4
Crayon- Marking- Yellow,case of 10 boxes,4
Cricothyroidotomy- Surgical- Kit,case of 10 boxes,4
Crowbar 18 inch,case of 10 boxes,4
Crowbar- 24 inch,case of 10 boxes,4
Crowbar- 36 inch,case of 10 boxes,4
Cutter- Bolt-  18 inch- case Hardened,case of 10 boxes,4
Cutter- bolt- 18 inch,case of 10,4
Cutter- bolt- 24 inch,case of 10,4
Cutter- bolt- 24 inch- case Hardened,case of 10,4
Cutter- bolt- 36 inch,case of 10,4
Cutter- bolt- 36 inch- case Hardened,case of 10,4
Cutter- Hydraulic Vehicle Rescue System,case of 10,4
Cutter- Hydraulic Vehicle Rescue System- Battery Powered ,case of 10,4
Cutter- pipe- multiple head- 1 - 2-1/2 inch,case of 10,4
Cutter- Rope,case of 10,4
Cutter- wire and cable- 28 inch- fiberglass handles,case of 10,4
Cutters- Ring-  w/extra blades,case of 10,4
Cyanide Antidote Kit,25 kits,2
Cylinder- Breathing apparatus- 1-hour,50 cylinders,2
Cylinder- oxygen- aluminum- D size,50 cylinders,2
D5 1/2 Normal Saline- 1000cc,100 bags,2
D5W 100 or 150 ml bags,20 bags,2
Daily Restroom Kit- Brief Relief,case of 10 boxes,4
Defibrilator- Automatic External-  3 Lead Monitoring,box of 2,1
Defibrilator- Automatic External,box of 2,1
Defibrillator / Monitor- 12 Lead Capability,box of 2,1
Deramaxx Tablets- 100 mg,300 tablets,2
Descender- Petzl Id for General Use,case of 10 boxes,4
Descenders- Rope- figure 8- with ears- MTS 10-000 lbs.,case of 10 boxes,4
Detector- CO2- Endotracheal Tube- electronic ,10 boxes,2
Detector- Metal- handheld,10,4
Dexamethasone Na Phos 4 mg/ml, 100 ml/bottle,0
Dexamethasone- 2 mg/ml -100 ml vial,50 vials,2
Dextrose- 50%- 25gm amps- pre-filled,10 boxes,2
Diazepam -CANA Trainer- 25 per box,10 boxes,2
Diazepam 5mg Tabs PO,100 tablets,2
Diazepam Injector- 10 mg Diazepam in 2mL,10 boxes,2
Diltiazem 25 mg vial,10 boxes,2
Diphenhydramine- 25mg- PO- ,10 boxes,2
Diphenhydramine- Injection- 50mg/ml,50 vials,2
Diprivan /Propofol 10mg/ml 100 ml vial,51 vials,2
Dish- Canine- Stainless Steel- 64 oz.,1 box,4
Disinfectant- 1 gallon bottle,case of 10 boxes,4
Dispenser- Tape- for box sealing tape,case of 10 boxes,4
Dobutamine- Injection- .25 mg amps- or equivelent pre-mix,case of 10 boxes,4
Document Protectors- 100ct ,case of 10 boxes,4
Documentation kit- including documents- forms- pens- pencils,case of 10 boxes,4
Dolly- Outboard Engine,case of 10 boxes,4
Domitor or Dexdomitor- Injectable -medetomidine HCl,10,4
Donut- Safety 1 inch - 2 1/2 inch,case of 10 boxes,4
Donut- Safety 5 inch - 6 1/2 inch,case of 10 boxes,4
Dopamine- 40mg/ml- 200mg amps,20 amps,1
Doxycycline- 100 mg- 500 per bottle,100 bottles,2
Dressing- 2nd skin- 3 inch circles,case of 10 boxes,4
Dressing- Blister- 4 inch x 3 inch Mole Skin- 3/pks,case of 10 boxes,4
Dressing- Hemostatic Gauze- Z Fold,case of 10 boxes,4
Dressing- Multi-Trauma- Large- 12 inch x 30 inch,case of 10 boxes,4
Dressing- Trauma- 5 inch x 9 inch,case of 10 boxes,4
Dri-Dek tiles- 12 inch x 12 inch,pallet of 6,4
Drill Bit Set- 21 Piece- -1/16-3/8 inch,pallet of 6,4
Drill- Hammer- Hydraulic,pallet of 6,4
Drill- Rotary Hammer- Electric- HD 1-1/2 inch min.,pallet of 6,4
Drill/Driver- Heavy Duty- XRP 1/2 inch- 12V Cordless- Kit,pallet of 6,4
Drill/Hammer- electric- 1/2 inch variable speed- industrial grade,pallet of 6,4
Drop bags- with 8mm utility line- 150ft.,case of 10,4
Dry Gear Bags- 23 inchL x 12 inchW x 17 inchH,case of 10,4
Dry Shower Bag ,case of 10,4
Dry Suit- Reinforced Knees and Elbows- Field Repairable,case of 10,4
Dryer- K9- with hoses and accessories,case of 10,4
Drysuit Repair Kit,case of 10,4
Duct- 8 inchx 25ft.- Reinforced- in carry bag-,case of 10,4
Ducusate Sodium 100mg,100 tablets,2
DuoDote? Training Simulator -DuoDote training,case of 10,4
DuoDote?Auto-Injector- Atropine and Pralidoxime Chloride,25,2
Ear plugs- disposable- style NRR 24- ,case of 10,4
ECG paper for LP 15,case of 10,4
Edge Protection- Sling Protection,case of 10,4
Elasticon 3 inch,case of 10,4
Elbow Pads-  heavy duty ,case of 10,4
Electrodes- Cardiac Monitor- disposable- 4/pkg- 10 pkg/bx,case of 10,4
Engine oil- 2-cycle ,case of 10,4
Entrenching tool- shovel- w/folding pick- O/A length 30 inch,case of 10,4
Envelope- #10 -100/box,case of 10,4
Envelope- Manilla- 10 inch x 13 inch -100/pkg,case of 10,4
Envelope- Transmittal- 10 inch x 13 inch -100/box,case of 10,4
Epinephrine- 1:10-000 -0.1mg/ml- 1mg amps- pre-filled,case of 10,2
Epinephrine- 1:1000- multi-dose 30cc vials,20 vials,2
Epoxy- Rapid set- 2 part putty- paste grade,case of 10,4
Eraser- Dry Erase,case of 10,4
Escherman bougie/ Flex guide,case of 10,4
Etomidate- 2mg/ml- 20mg vial ,20 vials,2
ETT Heat-Moisture Exchangers- disposable,1 box,4
Eugenol,10 bottles,2
Euthanasia Solution- 100 ml/bottle- -Vet use only ,case of 10,4
Extension cord- 100-foot- Black,box of 15,4
Extension cord- 100-foot- 10/G- Safety Orange,box of 15,4
Extension cord- 100-foot- 12/G- Red,box of 15,4
Extension cord- 100-foot- 12/G- Safety Orange,box of 15,4
Extension cord- 10-foot- Black,box of 15,4
Extension cord- 10-foot- 10/G- Safety Orange  ,box of 15,4
Extension cord- 10-foot- 12/G Red,box of 15,4
Extension cord- 10-foot- 12/G- Safety Orange,box of 15,4
Extension cord- 150-foot- Black,box of 15,4
Extension cord- 150-foot- 10/G- Safety Orange ,box of 15,4
Extension cord- 150-foot- 12/G- Red,box of 15,4
Extension cord- 150-foot- 12/G- Safety Orange,box of 15,4
Extension cord- 200-foot- Black,box of 15,4
Extension cord- 200-foot- 10/G- Safety Orange ,box of 15,4
Extension cord- 200-foot- 12/G- Red,box of 15,4
Extension cord- 200-foot- 12/G- Safety Orange,box of 15,4
Extension cord- 250-foot- Black,box of 15,4
Extension cord- 250-foot- 10/G- Safety Orange  ,box of 15,4
Extension cord- 250-foot- 12/G-  Red,box of 15,4
Extension cord- 250-foot- 12/G- Safety Orange,box of 15,4
Extension cord- 25-foot- Black,box of 15,4
Extension cord- 25-foot- 10/G- Safety Orange ,box of 15,4
Extension cord- 25-foot- 12/G- Red,box of 15,4
Extension cord- 25-foot- 12/G- Safety Orange,box of 15,4
Extension cord- 50-foot- Black,box of 15,4
Extension cord- 50-foot- 10/G- Safety Orange ,box of 15,4
Extension cord- 50-foot- 12/G- Red,box of 15,4
Extension cord- 50-foot- 12/G- Safety Orange,box of 15,4
Extension cord- 8-foot- Black,box of 15,4
Extension cord- 8-foot- 10/G- Safety Orange ,box of 15,4
Extension cord- 8-foot- 12/G- Red,box of 15,4
Extension cord- 8-foot- 12/G- Safety Orange,box of 15,4
Extension- Strut- Expandable-  18 inch - 24 inch,box of 15,4
Extension- Strut- Expandable- 12 inch,box of 15,4
Extension- Strut- Expandable- 24 inch - 36 inch,box of 15,4
Extinguisher- dry chemical- 20 lb.- ABC-type,box of 15,4
Extinguisher- water- backpack-type,box of 15,4
Eye Nuts- 1/2 inch- Steel,box of 15,4
Eyepiece- Diagonal- for Nivo Total Station,box of 15,4
Face Mask Rescuer Set,box of 15,4
Faceshield- Full-face- CLEAR  POLYCARBONATE- BULLARD,case of 20,4
Fan- Room -for treating heat illness- large,case of 20,4
Fan- Room -for treating heat illness- large,case of 20,4
Feed Line- 100 feet- LMR-240 Terminated- N,case of 20,4
Feed Line- 100 feet- LMR-240 Terminated- PL-259,case of 20,4
Feed Line- 100 feet- LMR-240- Un-terminated,case of 20,4
Feed Line- 100 feet- LMR-400 Flex- Terminated- N,case of 20,4
Feed Line- 100 feet- LMR-400 Flex- Terminated- PL-259,case of 20,4
Feed Line- 100 feet- LMR-400 Flex- Un-terminated,case of 20,4
Feed Line- 100 feet- LMR-600 Terminated- N,case of 20,4
Feed Line- 100 feet- LMR-600 Terminated- PL-259,case of 20,4
Feed Line- 100 feet- LMR-600 Un-terminated,case of 20,4
Feed Line- 1000 feet- LMR-240 Terminated- N,case of 20,4
Feed Line- 1000 feet- LMR-240 Terminated- PL-259,case of 20,4
Feed Line- 1000 feet- LMR-240- Un-terminated,case of 20,4
Feed Line- 1000 feet- LMR-600- Un-terminated,case of 20,4
Feed Line- 50 feet- LMR-240 Terminated- N,case of 20,4
Feed Line- 50 feet- LMR-240 Terminated- PL-259,case of 20,4
Feed Line- 50 feet- LMR-240- Un-terminated,case of 20,4
Feed Line- 50 feet- LMR-400 Flex- Terminated- N,case of 20,4
Feed Line- 50 feet- LMR-400 Flex- Terminated- PL-259,case of 20,4
Feed Line- 50 feet- LMR-400 Flex- Un-terminated,case of 20,4
Feed Line- 50 feet- LMR-600 Terminated- N,case of 20,4
Feed Line- 50 feet- LMR-600 Terminated- PL-259,case of 20,4
Feed Line- 50 feet- LMR-600- Un-terminated,case of 20,4
Feed Line- 500 feet- LMR-240 Terminated- N,case of 20,4
Feed Line- 500 feet- LMR-240 Terminated- PL-259,case of 20,4
Feed Line- 500 feet- LMR-240- Un-terminated,case of 20,4
Feed Line- 500 feet- LMR-400 Flex-  Un-terminated,case of 20,4
Feed Line- 500 feet- LMR-400 Flex- Terminated- N,case of 20,4
Feed Line- 500 feet- LMR-400 Flex- Terminated- PL-259,case of 20,4
Feed Line- 500 feet- LMR-600 Terminated- N,case of 20,4
Feed Line- 500 feet- LMR-600 Terminated- PL-259,case of 20,4
Feed Line- 500 feet- LMR-600- Un-terminated,case of 20,4
Feed Line- RG-58C- 1000 foot Roll,case of 20,4
Feed Line- RG-58U- 1000 foot Roll,case of 20,4
Feed Line- RG-8- 1000 foot Roll,case of 20,4
Feed Line- RG-8X- 1000 foot Roll,case of 20,4
Fentanyl Citrate- 50mcg/cc- 2ml amp,25 vials,2
Ferrite Beads- SNAP ON-  Mix 31,box of 25,4
Ferrite Beads- SNAP ON-  Mix 61,box of 25,4
Ferrite Beads- SNAP ON- Mix 75,box of 25,4
Ferrite Toroids- Mix 31,box of 25,4
Ferrite Toroids- Mix 43,box of 25,4
Ferrite Toroids- Mix 52,box of 25,4
Ferrite Toroids- Mix 61,box of 25,4
Ferrite Toroids- Mix 75,box of 25,4
Ferrite Toroids- Mix 77,box of 25,4
Fexofenadine- 180mg- PO,100 tablets,2
Fiberscope- Video System- Portable,case of 10,4
Field Operations Guide- USACE StS- Current Edition,case of 10,4
File- Set- 6 Piece,case of 10,4
Filter- Air- Chain Saw- 200 cc,case of 10,4
Filter- Air- Chain Saw- 90 cc,case of 10,4
Filter- Air- for power unit,case of 10,4
Filter- Air- Saw- gasoline- 14 inch-  rotary saw,case of 10,4
Filter- Hydraulic Fluid- for power unit,case of 10,4
Filters- Fuel- Hydraulic Vehicle Rescue System ,case of 10,4
Fins- -Pair- Various Sizes,case of 10,4
Fire Extinguisher- 10 pound- ABC-type  ,pallet 30,4
Fitting- Quick Disconnect- Gasoline Hose,case of 25,4
Fitting- Quick Disconnect- Oxygen Hose,box of 1000,4
Flagging Ribbon- Survey- Red- 1-3/16 inch X 300ft. roll,box of 5,4
Flagging Ribbon- Survey- White- 1-3/16 inch X 300ft. roll,box of 5,4
Flagging Ribbon- Survey- Yellow- 1-3/16 inch X 300ft. roll,box of 5,4
Flagyl- 250mg- Tab -metronidazole 100/bottle,box of 5,4
Flagyl- 500mg unit dose- IV,10 vials,2
Flagyl- 500mg- Tab -metronidazole 100/bottle,box of 5,4
Flashlight- AA Battery- LED,box of 5,4
Flashlight- AA Battery- LED- Water proof,box of 5,4
Flashlight- AAA Battery- LED,box of 5,4
Flashlight- AAA Battery- LED- Water proof,box of 5,4
Flashlight- C Battery- LED,box of 5,4
Flashlight- C Battery- LED- Water proof,box of 5,4
Flashlight- D Battery- LED,box of 5,4
Flashlight- D Battery- LED- Water proof,box of 20,4
Flatware- plastic- knives/forks/spoons ,box of 5,4
Flexible Retrieving and Holding Tool- 13 1/2 inch,box of 5,4
Float Marker Recovery System- Integral marker float w/ 100-foot ,box of 5,4
Floatation Device- Canine- Size: Extra Large- sturdy haul handle,box of 5,4
Floatation Device- Canine- Size: Large- sturdy haul handle,box of 5,4
Floatation Device- Canine- Size: Medium- sturdy haul handle,box of 5,4
Floatation Device- Personal-  Universal Rescue -Integrated,box of 5,4
Fluid- Hydraulic- Fire Resistant- Vehicle Rescue System- 1 Gallon,box of 5,4
Folder- File - Letter Size  -24/pkg,box of 5,4
Folder- File- Expandable- Letter Size -5/pkg,box of 5,4
Food boxes ,box of 5,4
Forcep- Magill- Adult ,box of 5,2
Forcep- Magill- Pediatric,box of 5,2
Forceps- Splinter,box of 5,2
Form- ICS 201,Pkg of 500,4
Form- ICS 202,Pkg of 500,4
Form- ICS 203,Pkg of 500,4
Form- ICS 204,Pkg of 500,4
Form- ICS 205,Pkg of 500,4
Form- ICS 206,Pkg of 500,4
Form- ICS 211,Pkg of 500,4
Form- ICS 213,Pkg of 500,4
Form- ICS 214,Pkg of 500,4
Form- ICS 215- Letter Size,Pkg of 500,4
Form- ICS 215- Wall Size- Laminated,Pkg of 500,4
Form- Patient Encounter,Pkg of 500,4
Fuel Hose w/Primer Bulb- Spare,case of 16 rolls,4
Fuel Stabilizer- 10 oz,box of 5,4
Fuel Tank- 6 Gallon w/Handle,box of 5,4
Fungal Powder -Tinactin,20 tubes,4
Funnel Kit- 3 Piece Set,box of 5,4
Funnels- long neck- with filter screens,case of 10,4
Furosemide- 5mg/ml- 100mg vial,10 vials,2
Furring strips- 1in x 2in x 8 ft ,case of 10,4
GaffersTape-  3in x 60yds- Black- ,case of 10,4
Gas can- 1-gallon  ,pallet 10,4
Gas can- 5-gallon ,pallet 10,4
Gas funnel ,case of 10,4
Gasket Scraper and Carbon Scraper,case of 10,4
Gauge- Crack,case of 10,4
Gauge- Feeler- 25 Blade Set,case of 10,4
Gauge- Regulator,case of 10,4
Gauge- Spark Plug Gap Set,case of 10,4
Gauze- Packing- Iodoform- 1/4 inch- bottle,case of 10,4
Gauze- Vaseline,case of 10,4
Gauze- Wraps- 4 inch,case of 10,4
Generator 1000 watt  ,3,4
Generator 1500,5,4
Generator 2000 watt ,3,4
Generator 3000 watt ,3,4
Generator 3500 watt ,4,4
Generator 4000 watt ,2,4
Generator 5000 watt ,2,4
Generator 6500 watt ,2,4
Gloves -Water 3.5 to 5 mil,case of 200,4
Gloves- Latex Free- Examination- Sizes per TF,case of 200,4
Gloves- Latex- sterile- sized to meet team needs- pair,case of 200,4
Gloves- Latex-free- 100/box- 3 boxes total -  1 box each:  small,case of 200,4
Gloves- Welding,case of 200,4
Glucometer,case of 200,4
Glucometer- patient test strips,case of 200,4
Glucometer- QA solution,case of 200,4
Glue Stick,case of 200,4
Glue- Tissue,case of 200,4
Goggle Set- #5,case of 200,4
Goggle- Night Vision,case of 200,4
Goggle- night vision- adapter- helmet,case of 200,4
Goggles ,case of 200,4
Goggles- Safety,case of 200,4
GPS -global positioning satellite receivers- handheld portable- ,case of 20,4
Grinder- Die- straight- 4.5 amp- 21-000 rpm- electric - 3 inch,case of 20,4
Grip Hoist- 8000 lb Lift Capacity- with 8 spare sheer pins ,case of 20,4
Guard- Edge,case of 20,4
Guard- Edge,case of 20,4
Guide- Field Operations- FEMA US&R Response System,case of 20,4
Guide- Field Operations- ICS 420-1,case of 20,4
Gun- Nail- Piston Activated- 27 caliber-autofeed- w/ case,case of 20,4
Gun- nail- pneumatic- 8D through 16D general purpose,case of 20,4
H2 Blocker- e.g.Cimetadine- PO,case of 10,4
Hacksaw- high tension- contractor grade,case of 10,4
Halligan tool,case of 10,4
Halligan tool,case of 10,4
Haloperidol- Injection- 5mg/ml- 1ml amps,case of 10,4
Hammer- Air- Quik-Kut HD,pallet of 32,4
Hammer- Ball Pein- Compo Cast- 16 oz,pallet of 32,4
Hammer- Ball Pein- Compo Cast- 32 oz,pallet of 32,4
Hammer- Demolition- 60 lb.- w/case,pallet of 32,4
Hammer- Demolition- electric- 40 lb.- with case,pallet of 32,4
Hammer- framing straight claw- 18 oz.- steel- mill face,pallet of 32,4
Hammer- framing straight claw- 22 oz.- steel- mill face,pallet of 32,4
Hammer- geology                                                                       ,pallet of 32,4
Hammer- Shoring,pallet of 32,4
Hammer- Shoring- long handle,pallet of 32,4
Hammer- sledge  12 lb.- fiberglass handle,pallet of 32,4
Hammer- sledge  20 lb.- fiberglass handle,pallet of 32,4
Hammer- sledge- 18 lb.- fiberglass handle,pallet of 32,4
Hammer- sledge- 4 lb.- 16 inch fiberglass handle,pallet of 32,4
Hammer- sledge- 8 lb.- fiberglass handle,pallet of 32,4
Hammer- Soft Face- 1.43 lb,pallet of 32,4
Hammer- Standard Head- Soft Face- Compo-Cast- 21 oz.,pallet of 32,4
Hand truck- convertible into dolly- with pneumatic tires,box of 5,4
Handbook- Drug Dose- Plumb- 6th edition or newer,box of 5,4
Handbook- Emergency- BSAVA Manual of Canine- Critical Care,box of 5,4
Handbook- Fireline,box of 5,4
Handbook- Toxicology and Poison,box of 5,4
Hand-Held Spot Light,box of 5,4
Handle- Laryngoscope- Fiberoptic- with batteries -C-cell,box of 5,4
Handle- Laryngoscopy- Fiberoptic- Disposable,box of 5,4
Handwash- liquid gel sanitizer 4 oz bottle,box of 25,4
Handwipe- sanitizer towel-,case of 10,4
Harness- Rope-  full body OSHA confined space- Size - XL,box of 5,4
Harness- Rope- full body OSHA confined space- Size - Regular,box of 5,4
Harness- Speaker,box of 5,4
Harness- tie-down -for canine air transport one size - adjustable,box of 5,4
Harness- Victim Lifesaver Rescue,box of 5,4
Hasp- lockout- 1/2 inch Steel,box of 50,4
Hat- wide brim boonie style ,box of 5,4
Rope-  4:1 advantage w/ 200 ft. of lifeline- 1/2 inch dia,box of 5,4
Hazmat Basin  -ft.Canine Poolft.,box of 5,4
Head Beds- disposable- adult,box of 5,4
Headlamp- Petzl Duo LED - UL Class I,box of 5,4
Headset- 1/4 jack- mono,box of 5,4
Headset- heavy duty clothing clip- and Boom Mic windscreen,box of 5,4
Headsets- hearing protection- NRR 29dB ,box of 5,4
Heater- for Blower- ventilation- electric or LP with accessories ,box of 5,4
Heimlich Valve,box of 5,2
Helmet Light ,box of 12,4
Helmet Mount Assembly - Night Vision Goggle,box of 12,4
HELMET- BULLARD -RATCHET SUSPENSION,box of 12,4
Helmet- FAST Base Jump Militarty Helmet- ,box of 12,4
Helmet- rescue-type ,box of 12,4
Helmet- water- adjustable ratchet headband- Rescuer,box of 12,4
Helmet- water- adjustable ratchet headband- Victim,box of 12,4
Hemocult Slides and Developer,10 kits,2
Hemorrhoidal Suppositories,case of 10,2
Heparin- Injection- 1000units/ml- 10ml multi-dose vial,10 vials,2
Hex Key- 18 Piece Set- w/ Metal box,box of 12,4
Hex Key- Metric- 15 Piece Set- W/Metal box,box of 12,4
Hoist- Ratchet Chain - 1.5 Ton- 10ft.,pallet 10 sets,4
Holder- Syringe- Tubex-type -Carpuject,pallet 10 sets,4
Hook Set- 4 Piece,pallet 10 sets,4
Hook- Double- 3/8 inch chain- 17-600 lb. capacity Crosby A-1362,pallet 10 sets,4
Hook- Single- 3/8 inch chain- 8-800 lb. capacity Crosby A-1361,pallet 10 sets,4
Hose Inflation System Kit- includes: 2-1/2 inch female hose ,pallet 10 sets,4
Hose- 12ft. Propane- B Fitting ,pallet 10 sets,4
Hose- 5ft.x1 inch- Non-collapsible,pallet 10 sets,4
Hose- Air bag- lifting- 32ft.- red- SPARE,pallet 10 sets,4
Hose- Air bag- lifting- 32ft.- yellow- SPARE,pallet 10 sets,4
Hose- Air Supply- 16 ft,pallet 10 sets,4
Hose- Air- 50ft. sections,pallet 10 sets,4
Hose- Air- Shore- Expandable- 32ft.- BLACK,pallet 10 sets,4
Hose- Air- Shore- Expandable- 32ft.- RED,pallet 10 sets,4
Hose- Air- Shore- Expandable- 32ft.- YELLOW,pallet 10 sets,4
Hose- Econoflow Forestry- 5/8 inch x 50ft. ,pallet 10 sets,4
Hose- Fire 1½ inch x50ft. hoset- 1 1/2 inch-250 psi rated,pallet 10 sets,4
Hose- Fire- 2 1/2 inch x 50ft.- for use w/Hose Inflation System,pallet 10 sets,4
Hose- Fire- 3/4 inch- Flat Synthetic- 3/4 inchght- 100ft.,pallet 10 sets,4
Hose- Flat- Forestry-Type- 100ft. x 3/4 inch- w/ 3/4 inch ,pallet 10 sets,4
Hose- Hydraulic- 30-foot section- Vehicle Rescue System ,pallet 10 sets,4
Hose- Hydraulic- Blue- 30-foot section- Vehicle Rescue System,pallet 10 sets,4
Hose- Hydraulic- Green- 30-foot section- Vehicle Rescue System,pallet 10 sets,4
Hoses- Dual- Hydraulic- 1/2 inch X 50 ft.,pallet 10 sets,4
Hot Chocolate ,case of 10,4
Hot Packs - disposable,case of 10,4
Hydrogen Peroxide- 3%- 16 oz. bottles,case of 10,4
Hygiene kits ,case of 10,4
Hypothermia Wrap,case of 10,4
Ibuprofen- 800mg tablets- PO,case of 10,4
Ice Packs- Gel- 6 x 9 Reusable,case of 10,4
Identifiers- Lock ,case of 10,4
Insect Repellent- minimum 35% DEET- towlettes ,case of 10,4
Insect Repellent- Pyrethrin base ,case of 10,4
Insulin- Regular Human- Injection- 100u vials- IV/SC,25 vials,1
Intraosseous EZIO Handle Kit-,case of 10,4
Inverter- Power- 12v to 120v- 100 watt ,case of 10,4
Ipratropium / Combivent Inhaler Aerosol,case of 10,4
Isentress -RALTEGRAVIR- 400mg ,20 vials,2
IV Insulating and Warming Kits,case of 10,4
IV Set Up- Dial-A-Flow,case of 10,4
IV Set Ups- Multifunction Tubing,case of 10,4
Jelly- Lubricant- single use packets,case of 10,4
Kennel- K9 Vehicle Travel Crate,10,4
Kennel- portable -Giant,10,4
Kennel- portable- collapsible,10,4
Ketamine Injection 500 mg vial,15 vials,2
Ketorolac- 30 mg/ml Single dose vial- IV,15 vials,2
Kit- Decon- Canine,25,4
Kit- Maintenance- Chain Saw-  Includes: Spark Plug Wrench,Package of 25,4
Kit- Plannnig Officer- to include items listed below:,Package of 25,4
Knee Pads- heavy duty ,Package of 25,4
Kneeboard- tri-fold- ,Package of 25,4
Knife- combination- folding ,Package of 25,4
Knife- Utility- retractable blade,Package of 25,4
Knife- with sheath.  Blade length:3 inch,Package of 25,4
Labels- Medication Added,Package of 25,4
Labels- Search Marking,case of 5,4
Labetalol- Injection- 5/mg/ml- 100mg multi-dose vial,10 vials,2
Ladder- 18ft. Little Giant,case of 50,4
Ladder- XTEND + CLIMB 12.5 feet,5,4
Lamp- Exam- ultraviolet/visible- with magnifier- 110 VAC,5,4
Lamp- Spare,5,4
Lancet- for use with Glucometer- box of 100,case of 50,2
Lanyard- Bypass- 6ft.- Adjustable,75,4
Large first aid kit ,Package of 25,4
Latrine Bags- biodegradable- ,Package of 25,4
LDS Helping Hands T-shirt -L ,Package of 25,4
LDS Helping Hands T-shirt -M ,Package of 25,4
LDS Helping Hands T-shirt -XL ,Package of 25,4
LDS Helping Hands T-shirt -XXL ,Package of 25,4
LDS Helping Hands T-shirt -XXXL ,Package of 25,4
LDS Helping Hands vests ,Package of 25,4
Leashes- Disposable-Nylon- 50/box,Package of 25,4
Leather work gloves -large ,Package of 25,4
Leather work gloves -medium ,Package of 25,4
Leather work gloves -XL ,Package of 25,4
Lens- magnifying 3x for night vision goggle,Package of 25,4
Lens- Morgan Irrigation,Package of 25,4
Level- 4 ft.,Package of 25,4
Level- Electronic,Package of 25,4
Lidocaine- 200mg/ml- 1gm amps,20 vials,1
Lidocaine- Injection- 1% w/ epinephrine- multi-use 50ml vial,21 vials,1
Lidocaine- Injection- 1%- multi-use 50ml vial,22 vials,1
Lidocaine- Injection- 5mg/ml- 100mg amps- pre-filled,23 vials,1
Lifting harness- 1 per canine assigned to Task Force ,Package of 25,4
Light stick- Blue- 12-hour duration ,Package of 25,4
Light stick- Cyalume- 12-hour duration- Yellow,Package of 25,4
Light stick- Green- 12-hour duration ,Package of 25,4
Light stick- Red- 12-hour duration ,Package of 25,4
Light stick- Yellow- 12-hour duration ,Package of 25,4
Light- Clip-on,Package of 25,4
Light- Strobe- for Personal Flotation Device,Package of 25,4
Lights- Navigation- LED- Bow/Stern Set- Clamp-on Type,Package of 25,4
Line- supply- 50ft.- breathing air quality- compatible with SCBA,Package of 25,4
Liner- For Dry Suit,Package of 25,4
Lip balm- SPF 15 ,Package of 25,4
Liquid- Dishwashing- Dawn or Palmolive 20 oz- to equal 1 gallon,Package of 25,4
Listening Device- Delsar Mini,Package of 25,4
Listening device- portable electronic,2,4
Litter wheel- Stokes basket,Package of 25,4
Litter wheel- Stokes basket- lift assist,Package of 25,4
Litter- Stokes- without Leg Separators Metal Wire type,Package of 25,4
Litter- Stokes- without Leg Separators -Metal Wire type,Package of 25,4
Load Cell- Shore- Expandable- 20K Hydr Load Indicator,Package of 25,4
Load Cell- Shore- Expandable- 50K Hydr Load Indicator,Package of 25,4
Loads- Heavy Duty- for Piston Activated Nail Gun,Package of 25,4
Loads- Medium- for Piston Activated Nail Gun ,Package of 25,4
Lock- Braided- Blue- padlock,Package of 25,4
Lock- Multi Pole Breaker ,Package of 25,4
Lock- Saline ,Package of 25,4
Lock- Single Pole Breaker ,Package of 25,4
Lockout- Plug,Package of 25,4
Lockout- Wall Switch,Package of 25,4
Lockout/Tagout Kit,Package of 25,4
Log Book ,Package of 25,4
Long Shore Extension 1016,Package of 25,4
Long Shore Extension 135,Package of 25,4
Long Shore Extension 235,Package of 25,4
Long Shore Extension 435,Package of 25,4
Long Shore Extension 610,Package of 25,4
Long Shore Extension 812,Package of 25,4
Longboards- Stokes Compatible- Floating Type,Package of 25,4
Lorazepam- 2mg/ml- 5cc vial,15 vials,2
Lovenox 150mg Vial,20 vials,2
Low Profile hydraulic jack 20 ton vertical,Package of 25,4
Low Profile hydraulic jack 30 ton horizontal,Package of 25,4
Low profile jacks hydraulic- 12 ton-  vertical or horizontal,Package of 25,4
Low Profile jacks hydraulic- 5 ton-  vertical or horizontal ,Package of 25,4
Lozenges- throat,Package of 25,4
LSP Cinch Rescue Collar,Package of 25,4
Lubricant- WD-40,Package of 25,4
Magnesium Sulfate 50%- 5gm,25 vials,1
Magnetic Emergency Response Services sign ,Package of 25,4
Manifold- w/dump valve- Hydraulic Vehicle Rescue System,Package of 25,4
Mannitol- 25%- 12.5gm/50ml amp vials,10 vials,2
Manual- ICS Forms,case of 10,4
Manual- Operators,case of 10,4
Marker- felt- waterproof ,10 boxes,4
Markers- Arrow- Photo Identification,10 packages,4
Markers- Dry Erase- Pkg-  -blue- black- red- green,10 packages,4
Markers- Engraved- Photo Identification- Set- A-Z,case of 10,4
Markers- Engraved- Photo Identification- Set- numbers 1-25,case of 10,4
Markers- felt tip- black- permanent ,case of 10,4
Marking Kit- -includes the items listed below,case of 10,4
Marking Kit- Rope- 60 Markers/Pkg,case of 10,4
Mask- Anesthesia Induction- Canine- Extra Large,10,2
Mask- Anesthesia Induction- Canine- Large,10,2
Mask- Anesthesia Induction- Canine- Small,10,2
Mask- Bag Valve- adult- disposable compact module,10,2
Mask- Bag Valve- PEDI disposable,15,4
Mask- CPAP- for Automatic Emergency Ventilator,2,2
Mask- face piece- compatible w/ SCBA- supplied air system,2,4
Mask- Oxygen- 100% non-rebreather type with tubing,4,2
Mask- Oxygen- pediatric- with tubing- 100% non-rebreather,5,2
Mask- Pocket Style- Emergency Resuscitation,5,2
Masks- Particle- Dust- 50/box,case of 10,4
Masks- particle- non-toxic ,case of 10,4
Megaphone- battery-type-,10,4
Merck Veterinary Manual- 10th Edition or newer,1,4
Metasplint- Canine- sized to meet canine needs,10,4
Meter- Range- Hand-held,3,4
Meter- Weather/Wind ,10,4
Metoprolol 1mg/ml- 5ml Vial,10 vials,2
Metoprolol 50 mg Tab,100 tablets,2
Microwave Oven- 110V- 900W  ,3,4
Midazolam- Injection- 5mg/ml- 5ml amps ,5 vials,2
Mineral Oil- 16 oz ,box of 25,4
Minor Procedure Kit,box of 25,4
Mirror- Circular Inspection- 8 inch,box of 25,4
Module- Command,box of 25,4
Module- CSI-1100 Mini,box of 25,4
Monitor- Electrolyte- portable-Na- K- Ballistic case- iStat ,box of 25,4
Monitor- Vital Signs- Compact- Battery powered- cuffs for adult,box of 25,4
Morphine Sulfate- 10 mg injectable,30 vials,1
Mosquito Netting-  32in x 84in  ,box of 25,4
Motor- Boat- Pull Start- 25 HP- w/11 Degree Pitch- 20 inch Shaft,box of 25,4
MPD- multi-purpose device 1/2 inch red,box of 25,4
MRE -Meals Ready To Eat ,box of 25,4
Multimeter- volts- ohms- amps - digital- with probes,box of 25,4
Muzzle- adjustable- basket type- nylon- 3 total - 1 each: medium,box of 25,4
Muzzle- adjustable- basket type- leathe 10 total - 5 each: medium,box of 25,4
N95 masks ,box of 25,4
Nailer- Palm- 50-125 psi,box of 25,4
Nails- 16d -16-penny ,box of 25,4
Nails- 8d -8-penny ,box of 25,4
Nails- common- 16D- Sinkers- pound,box of 25,4
Nails- common- 8D- Sinkers- pound,box of 25,4
Nails- Pneumatic Gun- 16D- box,box of 25,4
Nails- Pneumatic Gun- 8D- box,box of 25,4
Naloxone- 1mg/ml- 2mg vial,10 vials,2
Nebulizer set ups- adult,box of 25,4
Needle- 18g- 100/pkg,box of 25,4
Needle- 22g- 100/pkg,box of 25,4
Needle- 27g- 100/pkg,box of 25,4
Needle- Intraosseous- EZIO- Adult- 25mm needle with stabilizer,box of 25,4
Needle- Intraosseous- EZIO- LD- 45mm with stabilizer,box of 25,4
Needle- Intraosseous- EZIO- Pediatric- 15mm  with stabilizer,box of 25,4
Needle- Scalp Vein- 19g,box of 25,4
Neosporin w/ steroid Ophthalmic Oint- 3.5 gram,box of 25,4
Neosporin Ophthalmic Oint- 3.5 gram -any triple antibiotic,box of 25,4
Nipple- 1/4 inch  Coupling- Female- inline Reg,box of 25,4
Nipple- 1/4 inch Male- inline Reg,box of 25,4
Nitroglycerin- 2%- Paste- 15gm tubes,box of 25,4
Nitroglycerine- 200 metered-dose sprays/bottle ,25 bottles,2
Nitroglycerine- 10 bottles of .4mg tablets,2 cases,2
Normal Saline- 100 or 150 ml bags,25 bags,2
Normal Saline- 1000cc,25 bottles,2
Normal Saline- 10cc plastic vials -for reconstitution,10 boxes,4
Notebook- 3in x 5in- waterproof ,case of 50,4
Notebook- Field- 4 5/8 inch x 7 inch Spiral- All Weather- Cover,case of 50,4
Notebook- Journal- 3 1/4 inch x 5 inch- Spiral-  Polydura Cover,case of 50,4
Notebook- Universal- 4 5/8 inch x 7 inch Spiral- Polydura Cover,case of 50,4
Notepad- Unit Log ICS 214- Waterproof ,case of 50,4
Nylon Back Support assorted sizes ,case of 50,4
Nylon Line- 3mm x 100 yards ,case of 50,4
O ring- replacements- for regulator to SCBA bottle connection,case of 50,4
Obstetrics Kit- disposable with ear bulb syringe,case of 50,4
Oil Filter- Spare- for Boat Motor -If needed for type of motor,case of 50,4
Oil- 2 Cycle Mix- 2.6 oz.,case of 50,4
Oil- 2 Cycle Mix- 2.6 oz.- 6 pkg,case of 50,4
Oil- 2 Cycle Mix- 2.6 oz.- case 24,case of 50,4
Oil- 2 Cycle Mix- 2.6 oz.- case 36,case of 50,4
Oil- 2-Cycle- Quart -if needed for type of motor,case of 50,4
Oil- Bar- Chainsaw,case of 50,4
Oil- Bar- Chainsaw- 1 Gallon,case of 50,4
Oil- Bar- Chainsaw- 2 Gallon,case of 50,4
Oil- Engine multi-grade,case of 50,4
Oil- Hydraulic- 5 gal ,case of 50,4
Oil- Lubricating- Air tool,case of 50,4
Oil- Quart- Spare- for Boat Motor -if needed for type of motor,case of 50,4
Ointment- Gentamycin Ophthalmic- 3mg/g,25 tubes,4
Ondansetron -Zofran- 2ml vial,50 vials,4
Ophthalmic Saline-0.9% NaCl- 4 oz. -saline or purified water,box of 20,4
Overgloves- Heavy Duty- Rubber,case of 20,4
Oxycodone- 5mg/Acetominophen- 325mg tablets- PO,box of 25,4
Oxygen Regulator- 1 litter to 25 lpm flow rates.,case of 20,4
Pack- Recon- Small,case of 20,4
Pad- Nailing Pad with clamp,case of 20,4
Pad- Nailing Pad with clamp and holder,case of 20,4
Pad- Note- -self-stick- 2 inches x 2 inches,case of 20,4
Pad- note- self-stick ,case of 25 cans,4
Pad- resting XL,case of 20,4
Pad- steno- 6in x 9in ,case of 20,4
Pad- writing- Legal Ruled- 8 1/2in x 11in ,case of 20,4
Pad- Writing- Letter Size,case of 500,4
Pad- Writing- Stenographer,case of 100,4
Paddles- T-Handle,case of 50,4
Pads- Betadine Prep- 100/pk,2 boxes of 10 reams,4
Paint- spray- can- Black,case of 50,4
Paint- spray- can- Blue,case of 50,4
Paint- spray- can- Brown,case of 50,4
Paint- spray- can- Green,case of 50,4
Paint- spray- can- orange,case of 50,4
Paint- spray- can- orange ,case of 50,4
Paint- spray- can- Purple ,case of 50,4
Paint- spray- can- Red,case of 50,4
Paint- spray- can- White,case of 50,4
Paint- spray- can- Yellow,case of 50,4
Paint- spray- fluorescent- Green,case of 50,4
Paint- spray- fluorescent- Orange ,case of 50,4
Paint- spray- fluorescent- Yellow,case of 50,4
Paper Cups-  hot and cold ,case of 50,4
Paper Plates ,case of 50,4
Paper Towel rolls ,case of 50,4
Paper- copy- 20 lb- 500 sheet reams- ,case of 50,4
Paper- Pads- Graph- 1/10 inch squares- 8 1/2 inch x 11 inch,case of 50,4
Paper- pads- graph- 8 1/2in x 11in ,case of 50,4
Paper- Plain- 1 ream,case of 50,4
Paper- Weather Proof- 8x8 GRID- 8 - 1/2 inchx 11- 100 Shts / pkg  ,case of 50,4
Parts Kit- Standard,case of 20,4
Patches- Eye- cotton- individually wrapped,case of 20,4
Patches- Eye- Plastic,case of 20,4
PCS Portible Kit - PCS,case of 20,4
Pen- All weather ,case of 20,4
Pen- All weather- Tactical ,case of 20,4
Pen- Ballpoint- black -12/pkg,case of 20,4
Pen- black ,case of 20,4
Pen- black- 12/pkg.,case of 20,4
Pen- Blue erasable,case of 20,4
Pen- correction fluid ,case of 20,4
Pen- Highlighter- Yellow,case of 20,4
Pen- Marker- Small- black- indelible -12 pkg,case of 20,4
Pen- Marker- water soluble- black,case of 20,4
Pen- Red,case of 20,4
Pencil- Grease- black -12/pkg,case of 20,4
Pencils ,case of 20,4
Pencils- carpenter,case of 20,4
Pencils- Number 2- mechanical- disposable -12/pkg,case of 20,4
Pencils- Red,case of 20,4
Penetrometer- Pocket,case of 20,4
Permit- confined space entry- pre-made- Package of 25,case of 20,4
Personal Gear Bag - Mesh- for Dry Suits,case of 20,4
Personal Waist Packs- fanny pack- ski patrol-style,case of 20,4
PFD- -manual activation- Inflatable- personal flotation device,case of 20,4
PFD- Victim. Type II- Sizes Adult.Youth- Child- Infant,case of 20,4
Pharmacopeia- Pocket- Tarascon -or equivelent,case of 20,4
Phenytoin- 100mg- PO,50 tablets,2
Phenytoin- Injection- 50mg/ml- 1gm vials- IV,20 vials,2
Pin- push -100/pkg,case of 20,4
Pins- 2 1/2 inch- HD- w/ washers for Pistion Activated Nail Gun- ,case of 20,4
Pins- 3-1/4 inch- HD- w/washers for Pistion Activated Nail Gun,case of 20,4
Plastic Fluid Collection Bags -for chest tubes,2 cases,2
Plastic Sheeting- 2 mil-  20 feet x 100 feet ,case of 20,4
Plastic Sheeting- 4 mil-  20 feet x 100 feet ,case of 20,4
Plastic Sheeting- 6 mil-  20 feet x 100 feet ,case of 20,4
Plastic Sheeting- 8 mil-  20 feet x 100 feet ,case of 20,4
Pleurevac Chambers,case of 20,4
Pliers- Convertible- Retaining Ring- .038- 0 degree tip,case of 20,4
Pliers- Convertible- Retaining Ring- .038- 90 degree tip,case of 20,4
Pliers- Convertible- Retaining Ring- .070- 90 degree tip,case of 20,4
Pliers- Lineman- 6 inch,case of 20,4
Pliers- Locking- Chain Clamp- 18 inch,case of 20,4
Pliers- Locking- Straight Jaw- 10 inch,case of 20,4
Pliers- Locking- Straight Jaw- 7 inch,case of 20,4
Pliers- Power Track II- Natural Finish- 12 inch,case of 20,4
Pliers- Power Track II- Natural Finish- 16 7/8 inch,case of 20,4
Pliers- Set- 5 Piece- to include inch heavy duty diagonal cutter,case of 20,4
Pliers- Wire Stripper/Crimping- 8 5/8 inch,case of 20,4
Plumb bob- 8 oz- w/lines,case of 20,4
Pocketbook- Tarascon Adult Emergency -or equivelant,case of 20,4
Pocketbook- Tarascon Pediatric Emergency -or equivelant,case of 20,4
Pocketbook- Tarascon- Med and Critical Care -or equivelent,case of 20,4
Pocketbook- Transcon- Internal Medicine- or equivelent,case of 20,4
Point Laser- two AAA Batteries,case of 20,4
Pointer- Laser- red,case of 20,4
Pole- Sectional- for Total Station Mini Prism,case of 20,4
Pole- Telescoping- Adjustable from 6-14ft.- Aluminum,case of 20,4
Polystyrene Resin -Kayexalate- 1 lb jar- PO,case of 20,4
Portable latrine system with privacy shelter ,case of 20,4
Potassium Iodide- USP 130 mg per table,10 packages,2
Pouch- Headlamp- Myo/Duo ,case of 10,4
Pour Spout- 1 inch Diameter- Fuel can military -MFC 3-20L ,case of 10,4
Powder- Absorbent- -Cornstarch- Talcum- Baking soda 15 oz. ,case of 10,4
Powder- Gold Bond,case of 10,4
Powder- Styptic- 6 oz -42 grams / bottle,case of 10,4
Power strip- surge protector- 6 outlet with surge protection,case of 10,4
Power Talk box,case of 10,4
Power Talk box Controller,case of 10,4
Power Unit- Hydraulic - Vehicle Rescue System,case of 10,4
Power unit- Hydraulic- Heavy-duty- w/non-spillable type battery,case of 10,4
Pralidoxime- 1gm vials,10 vials,2
Printer- Photo- For Digital Camera,case of 10,4
Prism- Mini- with Holder- for Total Station,case of 10,4
Procainamide- Injection- 500mg/ml- 1g vials,10 vials,2
Projector- Video- LCD,1,4
Propeller Guard,4,4
Propeller- 3 Blade Prop w/11 Degree Pitch- Spare,1,4
Protectors- Document- plastic- clear,case of 10,4
Protectors- face and eye- surgical shield- box,case of 10,4
Protein bars ,case of 10,4
Pruning Saw- Folding- 6 inch,case of 10,4
Pry bar- 30-inch  ,case of 10,4
Pseudephedrine- 60mg tablets- PO,30 tablets,2
Puller- Cotter Pin,box of 20,4
Pulley- 2 inch-  with built in swivel- single sheave for 1/2 inch rope,box of 20,4
Pulley- 4 inch- rescue grade- single sheave for 1/2 inch rope,box of 20,4
Pulley- 6 inch- rescue grade-  single sheave for 1/2 inch rope,box of 20,4
Pulley- Double-  2 inch- aluminum Frame- Double Sheave PMP,box of 20,4
Pulley- Knot Passing,box of 20,4
Pulley- Knot Passing- 1 inch,box of 20,4
Pump- fuel- manual-  20 foot lift,20,4
Pump- IV Fluid- AAA Battery Powered- -less then 2 lbs.,20,4
Pump- IV Fluid- Cartridge- ,20,4
Pump- Manual- Hydrafusion,20,4
Pump- Manual- Hydraulic- Vehicle Rescue System,20,4
Pump- Primary distribution  ,20,4
Pump- submersible- electric- 12 amp 115vac single phase-,20,4
Pump- Transfer,20,4
Pump- Water- Concrete Chain Saw- Hydraulic,20,4
Pumps- Manual Fluid Infusion- disposable,20,4
Punch- 3-hole,20,4
Push broom ,20,4
Rabies Immune Globulin-Human- 1500IU- 10ml vials,case of 10,4
Rabies Vaccine -Human Diploid Cell- 1ml/unit dose,case of 10,4
Rack- Rappel- 16 bar,case 12,4
Rack- Rappel- 6 bar,case 12,4
Rack- T-card- ICS 219- Canvas,case 12,4
Racker Rail- 16ft.,case 12,4
Racker Rail- 6ft.,case 12,4
Racks- Rigging- RSI- Plate- Rigging- Aluminum- 11690 lbs ,case 12,4
Racks- Rigging- RSI- Plate- Rigging- Aluminum- 15000 lbs ,case 12,4
Rail 4 Latch Holder ,case 12,4
Rail Latch Holder,case 12,4
Rain gear- ,case 12,4
Raker Angle Base,case 12,4
Raker Angle Base- 2 ft sq.,case 12,4
Raker Junction Base,case 12,4
Raker Rail Latch Base,case 12,4
Raker Rail Latch Base Stand,case 12,4
Raker Rail Splice,case 12,4
Raker Rail Splice- 4 ft,case 12,4
Raker System- FEMA- 6ft- complete,case 12,4
Ram- Hydraulic Vehicle Rescue System- Battery Powered,case 12,4
Ram- Hydraulic- min. 18 inch length- Vehicle Rescue System,case 12,4
Ram- Hydraulic- min. 28 inch length- Vehicle Rescue System,case 12,4
Ram- Hydraulic- min. 48 inch length- Vehicle Rescue System,case 12,4
Range Finder- laser range                                              ,box 10,4
Razor- Disposable,box 10,4
Re-Arm Kit- Mustang Survival Manual Inflatable PFDs- ,box 10,4
Rebar Cutter- Cutting Edge Cutter,box 10,4
Recorder- Digital Voice- hand-held- 2-4 gb- with accessory kit,box 10,4
Reflective Triangle Kit- 1 for each Trailer,box 10,4
Refrigerator- Small- AC / DC Compatable- digital thermostat ,box 10,4
Regulator- Compressed gas- SCBA -CGA 357 to DISS Port- 45-70 PSI,box 10,4
Regulator- in-line,box 10,4
Regulator- Piston Type 6-000 - 135 PSI,box 10,4
Regulator- Piston- 4500 psi,box 10,4
Regulator- Pneumatic- Shore- Expandable,box 10,4
Regulator- pressure- Air bag- 125 - 5000 psi,box 10,4
Regulator- propane- B Hose,box 10,4
Replacement Blade- Rebar Cutter,box 100,4
Replacement Parts- Military -MFC 3-20LFuel Can- to include caps,box of 5 ,4
Rescue Kit- Swiftwater- Sling Projectile- 300 ft. -92 m- 8 mm ,box of 5 ,4
Rescue Kit- Swiftwater- Sling Projectile- 300 ft. -92 m- 8 mm,box of 5 ,4
Rescue Prob,box of 5 ,4
Respirator Cartridge-  P100 ,box of 5 ,4
Robitussin DM Syrup- 8oz.,box of 5 ,4
Rod- Welding- 1/8in,box of 5 ,4
Rod- Welding- 3/32in,box of 5 ,4
Roller- Edge- Rope,box of 5 ,4
Rope- lifeline- 200ft. lengths of nylon static BLUE-  1/2 inch dia,box of 5 ,4
Rope- lifeline- 100ft. lengths of nylon static -BLUE- 1/2 inch dia,box of 5 ,4
Rope- lifeline- 200ft. lengths of nylon static -WHITE- 3/4 inch dia,box of 5 ,4
Rope- lifeline- 100ft. lengths of nylon static WHITE- 3/4 inch dia,box of 5 ,4
Rope- lifeline- 300ft. lengths of nylon static ORANGE- 1/2 inch dia,box of 5 ,4
Rope- lifeline- 500ft. lengths of nylon static -ORANGE- 1/2 inch dia,box of 5 ,4
Rope- lifeline- 300ft. lengths of nylon static -RED- 1/2 inch dia,box of 5 ,4
Rope- lifeline- 300ft. lengths of nylon static RED- 1/2 inch ,box of 5 ,4
Rope- lifeline- 600ft. length of nylon static- Kernmantle- 1/2 inch ,box of 5 ,4
Rope- plastic- 20ft.,case of 20 pairs,4
Rope- tag line- nylon-  200ft. lengths of 8mm- MTS 2-600 lbs,case of 20 pairs,4
Rope- throw- water rescue- 75ft.- with bag- throw bag,case of 20 pairs,4
Rope- Utility- Solid Braid- 3/8 inch 125ft. roll,case of 20 pairs,4
Ropes- Prusik- Tandem- 8mm x 6ft.,case of 20 pairs,4
Rubber boots -size 10 ,case of 20 pairs,4
Rubber boots -size 11,case of 20 pairs,4
Rubber boots -size 12 ,case of 20 pairs,4
Rubber boots -size 13,case of 20 pairs,4
Rubber boots -size 14,case of 20 pairs,4
Rubber boots -size 15,case of 20 pairs,4
Rubber boots -size 8 ,case of 20 pairs,4
Rubber boots -size 9,case of 20 pairs,4
Rubber boots- white- size 10 ,box of 25 pair,4
Rubber boots- white- size 11,box of 25 pair,4
Rubber boots- white- size 12 ,box of 25 pair,4
Rubber boots- white- size 13,box of 25 pair,4
Rubber boots- white- size 14,box of 25 pair,4
Rubber boots- white- size 15,box of 25 pair,4
Rubber boots- white- size 8 ,box of 25 pair,4
Rubber boots- white- size 9,box of 25 pair,4
Rubber gloves -large ,case of 20 pairs,4
Rubber gloves -medium ,case of 20 pairs,4
Rubber gloves -XL ,case of 20 pairs,4
Rubberband- Large- -box,box of 50,4
Rubberbands ,box of 50,4
Ruler- Tape- Evidence- 12 inch- adhesive,case of 20 ,4
Rulers- 12 inch,case of 20 ,4
Sacks- stuff-type -for sleeping bags ,case of 20 ,4
Safety boots -size 10 ,case of 20 ,4
Safety boots -size 12 ,case of 20 ,4
Safety boots -size 8 ,case of 20 ,4
Safety Glasses with side shields and lanyard,case of 20 ,4
Safety Goggles- safety- shatter proof,case of 20 ,4
Sanitary Pads- box,case of 20 ,4
Saw- Chain- Diamond- 15 inch- Concretete Cutting- Hydraulic,case of 20 ,4
Saw- chain- electric- 16 inch bar- wood cutting- gas chain saw,case of 20 ,4
Saw- Chain- Gasoline- 2 cycle- 16 inch,case of 20 ,4
Saw- Chain- Gasoline- 2 cycle- 22 inch,case of 20 ,4
Saw- circular- electric- 10-1/4 inch heavy-duty- w/case ,case of 20 ,4
Saw- circular- electric- 7-1/4 inch- heavy-duty- w/case ,case of 20 ,4
Saw- Circular- Metal Cutting- 8 inch  - 120v- 13amp,case of 20 ,4
Saw- Cutoff- 14 inch diameter X 1 inch arbor- Hydraulic ,case of 20 ,4
Saw- power rotary- gasoline- 14 inch- 1 inch arbor,case of 20 ,4
Saw- reciprocating- variable speed- 120v AC- 13 amp- heavy duty,case of 20 ,4
Saw- Reciprocating- Variable Speed- Heavy Duty- Cordless w/ B&C,case of 20 ,4
Saw- Reciprocating- Variable Speed- Heavy Duty- Cordless w/ B&C,case of 20 ,4
Saw- Ring- Gasoline- Carbide Tipped- 14 inch- Concretete Cutting,case of 20 ,4
Scabbard- Axe,case of 20 ,4
Scabbard- Chain Saw- 18 inch,case of 20 ,4
Scabbard- Chain Saw 22 inch,case of 20 ,4
Scale- Adhesive- Photo Evidence- 2 inch- White- roll of 1000,case of 20 ,4
Scale- Architectural,case of 20 ,4
Scale- Engineers,case of 20 ,4
Scale- Photo evidence- 6 inch- gray-  ,case of 20 ,4
Scale- Photography- Track- Reversible-  inchL inch Shape,case of 20 ,4
Scale- Photomacrographic- 4 inch x 4 inch-  inchL inch Shape ,case of 20 ,4
Scale- Pocket- Credit Card size,case of 20 ,4
Scalpel blades -#10 and handles- disposable- box of 10- box,case of 20 ,4
Scalpel blades -#11 and handles- disposable- box of 10- box,case of 20 ,4
Scissors- 4 inch,case of 20 ,4
Scissors- 4 -1/2 inch,case of 20 ,4
Scissors- 8 inch,case of 20 ,4
Scissors- 12 inch,case of 20 ,4
Scissors- Bandage/Trauma,case of 20 ,4
Scissors- Trauma Dressing- disposable- pair,case of 20 ,4
Scrench- Chain saw tool,case of 20 ,4
Screw Driving set- 29 bit-  w/ case,case of 20 ,4
Screw- Concrete- 25/box,case of 20 ,4
Screwdriver Set- Combination- 19 Piece ,case of 20 ,4
Screwdriver- Phillips #2 X 18 inch,case of 20 ,4
Search Cam- Recon III  with 2 batteries- charger and storage case,case of 20 ,4
Securing Devices- Endotracheal Tube,case of 20 ,4
Sensor- Reusable- Adult- 3ft.- -SpO2- SPCO-  Rad 57 Oxymeter,case of 20 ,4
Sensor- Voltage- AC ,case of 20 ,4
Sensor- Voltage- AC- 120 - 160,case of 20 ,4
Sensor-Reusable Pediatric Rad 57- Oxymeter,case of 20 ,4
Septra DS / Bactrim- tablets,case of 20 ,4
Service Kit- Boat Motor- to include Prop Wrench- Spark Plug ,4,4
Shackels- Screw Pin- Flat- for flat synthetic web- 12 ton,4,4
Shackle- 1 1/2 ton,4,4
Shackles- Screw Pin- 1-1/4 inch- 12 ton,4,4
Shackles- Screw Pin- Round 5/8 inch 3-1/4 ton,4,4
Shampoo- Canine 16 oz -to equal 1 gallon,4,4
Shear pin- 3-Ton come-a-long- spare,4,4
Shears or K9 clippers- Rechargeable- w/#40 Blade ,4,4
Shears- Trimming- battery operated,4,4
Sheeting- Plastic- 20ft. foot x 100ft. role- Clear- 6 mil,box of 10,4
Sheeting- Plastic- 6 mil-  20ft. foot x 100ft. feet- Clear,box of 10,4
Sheets- Burn- sterile,box of 10,4
Shelving- plastic- free-standing, 24 inch depth x 36 inch width,0
Shovel- round  ,crate of 5,4
Shovel- spade point- 60 inch straight handle- fiber glass,crate of 5,4
Shovel- spade point- 60 inch straight handle- wood,crate of 5,4
Shovel- square  ,crate of 5,4
Shovel- Square Point- 30 inch D handle,crate of 5,4
Shower caddy  ,Trailer,4
Shower System ,Trailer,4
Shower- Solar - 5 gal ,2-stall,4
Shower- Solar - 10 gal ,2-stall,4
Sign- Lockout-  5x7,carton 20,4
Sign- Vinyl- 3x5 WYL,carton 20,4
Signal Kit w/ D Cell battery,carton 20,4
Silver Sulfadiazine Cream- 1%- 50gm bottles,carton 20,4
Sink 2 basin portable ,carton 20,4
Sleeping Bags ,carton 20,4
Sling- Polyester roundsling- 10 ft. endless- 17-000 lb. choker ,carton 20,4
Sling- Polyester- roundsling- 10 ft. endless- green- 4-200 lb. choker,carton 20,4
Sling- Polyester- roundsling- 10 ft. endless- yellow- 6-700 lb. choker,carton 20,4
Sling- Polyester- roundsling- 12 ft. endless- yellow- 6-700 lb. choker ,carton 20,4
Sling- Polyester- roundsling- 20 ft. endless- 17-000 lb. choker,carton 20,4
Sling- Polyester- roundsling- 6 ft. endless- green- 4-200 lb. choker ,carton 20,4
Sling- Polyester- roundsling- 8 ft. endless- green- 4-200 lb. choker ,carton 20,4
Sling- Rope- Hemp,carton 20,4
Slings- Synthetic- Heavy duty- 3 inch x 6ft.- Type 3-  3800 lb. Choker,carton 20,4
Slings- Wire Rope- IPS- Mechanical Splice- 1/2 inch X 12ft.- 2400 lb.,carton 20,4
Snatch Block- Single Sheave w/ Shackle,carton 20,4
Snips- tin- aviation type,carton 20,4
Socket- 3/4 inch- for Torque Wrench,carton 20,4
Sodium Bicarbonate- 1meq/ml- 50meq amps- pre-filled,carton 20,4
Software- Mapping GPS- -2 applications Garmin City,carton 20,4
Soldering Gun Kit- 1 case lot,carton 20,4
Solution- Eye Flush- 30cc btl,carton 20,4
Solution- Gentamycin Ophthalmic- 3mg/ml- 5ml bottles,10 bottles,2
Spark Plug- Chain Saw- J-4,carton 20,4
Spark Plug- Chain Saw- J-8,carton 20,4
Spark Plug- Hydraulic Vehicle Rescue System ,carton 20,4
Spark Plug- Saw- gasoline- 14 inchpower rotary ,carton 20,4
Spark Plug- Spare- for Boat Motor,carton 20,4
Spark Plug- Stanley Power Unit,carton 20,4
Splint- traction bilateral- long bone- Kendrick or EQ,carton 20,4
Splints- Moldable- 4 inchx 3ft- SAM or EQ,carton 20,4
Spliter- Cable- 4456,carton 20,4
Splitter- Double w/ mute switch,carton 20,4
Splitter- Double w/ mute switch- Black,carton 20,4
Sponges- Sterile Gauze- 4 inchx4 inch- 2/pkg- 25/box ,carton 20,4
Spout- Pour- 19mm Diameter- Fuel can military -MFC 3-20L ,carton 20,4
Spray- Oxymetazoline Nasal- 5cc bottles,carton 20,4
Sprayer- pressure- 3 gallon- pump type ,carton 20,4
Spreader- Hydraulic Vehicle Rescue System,carton 20,4
Spreader- Hydraulic Rescue System- Battery Powered w/ 1 battery,carton 20,4
Square- framing- 2 ft.,carton 20,4
Square- speed ,carton 20,4
Stake-  Canine- Tie Out- ,carton 20,4
Stake- Picket- Double Headed Rebar- 1 inch x 48 inch- grade 40,carton 20,4
Stake- Picket- Double Headed Rebar- 1 inch x 48 inch- grade 60,carton 20,4
Stand- Jerrican- Collapsible,carton 20,4
Standard and Phillips Tips Screw Starter- 6 1/4 inch,carton 20,4
Staple Remover,carton 20,4
Stapler ,carton 20,4
Stapler- Auto,carton 20,4
Stapler- desk,carton 20,4
Stapler- Skin- disposable,carton 20,4
Staples ,carton 20,4
Staples- 1/2 inch- 1250/box,carton 20,4
Staples- spare- for desk stapler- box,carton 20,4
Starter Pull Cord and Handle- Spare- for Boat Motor,carton 20,4
Starting fluid- EZ start- case,carton 20,4
Steel Shank Insert for Boots- Various Sizes,carton 20,4
Steri-strips- 1/4 inch- box,carton 20,4
Steri-strips- 1/8 inch- box,carton 20,4
Stethoscopes,carton 20,4
Stokes type Litter Float Kit -or equivalent capability,carton 20,4
Strap- Anchor - Pro-Series- medium ,carton 20,4
Strap- Anchor - Pro-Series- XL,carton 20,4
Strap- Pick-off - Pro-Series,carton 20,4
Straps- Backboard- 9 ft.- nylon -Spider Strap,carton 20,4
Straps- Carrying- Total Station case Carring Straps,carton 20,4
Stretcher- Sked- Roll up- Full Size ,carton 20,4
Striker for Torch- oxygen/fuel gas,carton 20,4
Striker- Oxy-Acetylene Torch,carton 20,4
Strips- Flourescein- -individually wrapped,3 boxes,2
Strut- 10 inch lift- Hydrafusion,carton 20,4
Strut- 16 inch lift- Hydrafusion,carton 20,4
Strut- 4 inch lift- Hydrafusion,carton 20,4
Strut- Expandable- Acme Rescue 25 inch - 36 inch,carton 20,4
Strut- Expandable- Acme Rescue 37 inch - 58 inch,carton 20,4
Strut- Expandable- Acme Rescue- 19 inch - 25 inch inch,carton 20,4
Strut- Expandable- Acme Rescue- 56 inch - 88 inch,carton 20,4
Strut- Expandable- pneumatic- Strut 610,carton 20,4
Strut- Expandable- pneumatic- Strut 610-40,case of 50,4
Strut- Threaded- Acme- Shore- Expandable- 12 inch - 15 inch,case of 50,4
Strut- US&R Rescue Strut System,case of 50,4
Stylets- Endotracheal Tube- adult size,case of 25,4
Stylets- Endotracheal Tube- pediatric size,case of 25,4
Succinylcholine- 200mg/10ml vial,25 vials,2
Suction Unit- with Rechargeable battery and DC cord ,case of 25,4
Suction- Manual- with Tonsil-style tip,case of 25,4
Suits- Impermeable-  w/ plastic/rubber boots- disposable,case of 25,4
Sunscreen- SPF100,case of 25,4
Sunscreen- SPF30,case of 25,4
Sunscreen- SPF50,case of 25,4
Suspension- Antibiotic Otic- 15ml bottles- TOP ,case of 25,4
Suture Kit,case of 25,4
Suture-  5-0 vicryl on on a PC-12- box,case of 25,4
Suture- 0-silk on a PSL - box,case of 25,4
Suture- 3-0 silk on a PS-1- box ,case of 25,4
Suture- 4-0 vicryl on a PS-1- box,case of 25,4
Suture- 6-0 nylon on a PC-1- box,case of 25,4
Suture- Synthetic- Absorbable-  2-0 monofilament-  36/box,case of 25,4
Swabs- cotton- sterile- long- wrapped pairs,case of 25,4
Sweatshirt -large ,case of 10,4
Sweatshirt -medium ,case of 10,4
Sweatshirt -XL ,case of 10,4
Sweatshirt -XXL ,case of 10,4
Swimmer Rescue Board,carton 20,4
Switch- Remote Foot Switch,carton 20,4
Swivel Hoist Rings- 1/2 inch x 2.5 inch  Steel- Crosby ,carton 20,4
Swivel hook w/Latch,carton 20,4
Swivel hook- Adjustable,carton 20,4
Swivel Hook- Latch Kit for 1048831 Hook,carton 20,4
Swivel Hook- Latch Kit for 1048865 Hook,carton 20,4
Syringe- Irrigation Tip- 60cc,carton 20,4
Syringe- Luer Lock- 10cc,carton 20,4
Syringe- Luerlock- 1cc- -w/E.S.I.P- 100/pkg,carton 20,4
Syringe- Luerlock- 30cc -w/E.S.I.P. 25/box,carton 20,4
Syringe- Luerlock- 3cc- -w/E.S.I.P 25/pkg,carton 20,4
Tag- key- blank -20/pkg,case of 10,4
Tags- Lockout-  inch20 pack inch,case of 10,4
Tapcon Driver Kit Deluxe,case of 10,4
Tape- cellophane- 1 inch- roll,case of 10,4
Tape- cellophane- 2in- roll ,case of 10,4
Tape- Cloth 1-1/2 inch,case of 10,4
Tape- Cloth 2 inch,case of 10,4
Tape- Cloth- Porous- 1 inch rolls- 12/box,case of 10,4
Tape- Cordoning- CAUTION- Yellow- roll                                     ,case of 10,4
Tape- Cordoning- DANGER- Roll                                           ,case of 10,4
Tape- duct,case of 10,4
Tape- Duct- Gray ,case of 10,4
Tape- Duct- Green,case of 10,4
Tape- Duct- premium grade,case of 10,4
Tape- Duct- Yellow,case of 10,4
Tape- Duct-Black,case of 10,4
Tape- electricians- roll,case of 10,4
Tape- flagging- yellow- 100 yd. roll ,case of 10,4
Tape- IV site cover-  50/pkg,case of 10,4
Tape- Masking 1 inch- roll,case of 10,4
Tape- masking- 100 ft  roll,case of 10,4
Tape- Measuring- 100 ft.,case of 10,4
Tape- measuring- 100 yd.,case of 10,4
Tape- Measuring- 30 ft.- power return- 1/2 inch blade width,case of 10,4
Tape- Measuring- 300 ft.- fiberglass English open reel,case of 10,4
Tape- measuring- 30ft. power return- 1 inch blade width ,case of 10,4
Tape- Reflective- 60 x 60mm- 20/pkg,case of 10,4
Tape- Silk- 1 inch roll- 12/pkg,case of 10,4
Tape- Surveyors- Flourscent Green- roll,case of 10,4
Tape- Surveyors- Flourscent Red- roll,case of 10,4
Tape- Transpore 1 inch- or equivalent- 12/pk,case of 10,4
Tarp -16 ft x 48 ft ,case of 5,4
Tarp -20ft x 30ft,case of 5,4
Tarp -20ft x 50ft ,case of 5,4
Tarp- 30 ft x 50 ft,case of 5,4
Tarpaulin- polyethylene- 15ft. x 20ft.- heavy duty grommets,case of 5,4
T-Cards- ICS 219- blue,Pad of 100,4
T-Cards- ICS 219- tan,Pad of 100,4
T-Cards- ICS 219- white,Pad of 100,4
T-Cards- ICS 219- yellow,Pad of 100,4
T-Cards- ICS 219- red,Pad of 100,4
T-Cards- ICS 219- green,Pad of 100,4
T-Cards- ICS 219- gray ,case of 20,4
TDAP/tetunusAdacel 0.5 ml SDV,case of 20,4
Telescope- compact- 30 x 50 w/tripod- case ,case of 20,4
Telescopic Magnetic Retrieval Tool- 16 3/4-26 3/4 inch,case of 20,4
Television/Monitor 19-30 inch-  Digital Ready,case of 20,4
Tent- 19 feet x 35 feet ,case of 20,4
Tent- 20 foot Octagon ,case of 20,4
Tents- 6 to 8-person ,case of 20,4
Thermometers- oral- electronic,case of 20,4
Thermometers- oral- hypothermia,case of 20,4
Thoracostomy Procedure Kit,case of 20,4
Throw Rope- Guardian Raft Rescue - with waist harness 100ft..  ,case of 20,4
Throw Rope- Guardian Raft Rescue - with waist harness  30ft..  ,case of 20,4
Throw Rope- Guardian Raft Rescue - with waist harness 55ft..  ,case of 20,4
Throwable Device- Water Rescue Kit,case of 20,4
Tie- Cable- nylon- Assortment,case of 20,4
Tie- wraps- nylon- 12 inch,case of 20,4
Tie- wraps- nylon- 16 inch,case of 20,4
Tie- wraps- nylon- 20 inch,case of 20,4
Tie- wraps- nylon- 4 inch,case of 20,4
Tie- wraps- nylon- 8 inch,case of 20,4
Tie-out cable lead- 20 ft,case of 20,4
Tincture of Benzoin- 2oz bottles,case of 20,4
Tip- Cutting- for rope cutter,case of 20,4
Tip- Petrogen Size 5- spare,case of 30,4
Tip- Petrogen Size 81- spare,case of 48,4
Tip- Petrogen Size 83- spare,case of 12,4
Tip- Size 0- Oxy-Acetylene Torch spare,case of 12,4
Tip- Size 1- Oxy-Acetylene Torch spare,case of 12,4
Tip- Size 2- Oxy-Acetylene Torch spare,case of 12,4
Tip- Size 3- Oxy-Acetylene Torch spare,case of 12,4
Tissues- Facial- -pocket packs,case of 48,4
Tissues- Facial- 200 Ct Bx,case of 48,4
Tissues- Facial- 400 Ct Bx,case of 48,4
Toilet Paper Rolls ,case of 48,4
Toilet Paper- Rolls,case of 48,4
Tongue Depressors- sterile- individually wrapped- box,case of 48,4
Tool box- 18 Drawer,pallet of 2,4
Tool box- 10 Drawer,pallet of 2,4
Tool Chest- 6 Drawer,pallet of 2,4
Tool Chest- 4Drawer,pallet of 2,4
Tool Chest- 10 Drawer,pallet of 2,4
Tool kit- mechanics- 997 piece- all purpose general,case of 5,4
Tool- Entrenching- shovel- with folding pick,case of 5,4
Tool- Forcible Entry-  4 inch opening,case of 5,4
Tool- Gas and Water Shut-off,case of 5,4
Tool- Hydraulic- hand pump- cutter/spreader,case of 5,4
Tool- Mechanic- Assorted- Water Operations Maintenance ,case of 5,4
Tool- Setting- Undercut Anchor,case of 5,4
Topical Ophthalmic Anesthetic- 2 ml bottles ,case of 5,4
Torch Head- Ox Set 36 inch,case of 5,4
Torch oxy/acetylene kits- large bore- w/attachments ,case of 5,4
Torch- Breach- 75 Degree,case of 5,4
Torch- oxygen/fuel gas- portable kit,case of 5,4
Total Station  Nivo 5.M- Kit- each kit to include 1 of each items,case of 5,4
Tourniquets for Hemmorrage control -CAT or equivalent,case of 5,4
Tourniquets for IV starts- disposable,case of 10,4
Towels- Absorbent-  100/box,case of 10,4
Towels- Disposable- bath size ,case of 10,4
Towlettes- antibacterial ,case of 10,4
Towlettes- Moist- -Baby Wipes- Wet Ones 50/box,case of 10,4
Tramadol 50 mg Tablets- 100/btl -Ultram- Tramal,25 tablets,2
Transdermal Patch/Scopolamine- 1.5 mg,box of 10,4
Transom Wheels- Flip-up- 410/350 x 10 inch Pneumatic Tires,case of 10,4
Transparency- Overhead,5 packages,4
Trash Bags - 30 gallon ,case of 10,4
Trash Bags - 33 gallon ,case of 10,4
Trash Bags - 39 gallon ,case of 10,4
Trash Bags - 4 gallon ,case of 10,4
Trash Bags - 42 gallon ,case of 10,4
Trash Bags - 45 gallon ,case of 10,4
Trash Bags - 48 gallon ,case of 10,4
Trash Bags - 55 gallon ,case of 10,4
Trash Bags - 8 gallon ,case of 10,4
Trash Bags- Bio - 30 gallon ,case of 10,4
Trash Bags- Bio - 33 gallon ,case of 10,4
Trash Bags- Bio - 39 gallon ,case of 10,4
Trash Bags- Bio - 4 gallon ,case of 10,4
Trash Bags- Bio - 42 gallon ,case of 10,4
Trash Bags- Bio - 45 gallon ,case of 10,4
Trash Bags- Bio - 48 gallon ,case of 10,4
Trash Bags- Bio - 55 gallon ,case of 10,4
Trash Bags- Bio - 8 gallon ,pallet of 12,4
Treatment Epistaxis- Rhino rocket or EQ ,pallet of 12,4
Triage Tags -Dept. of Transportation-type 50/pkg,pallet of 12,4
Trimmers- Nail- K9- Heavy Duty- -pliers style,pallet of 12,4
Tripod- for Laser Pointer,pallet of 12,4
Tripod- Laser Station- Heavy duty wood/fiberglass- Quick Clamp ,pallet of 12,4
Tripod- tubular aluminum- adjustable between 6ft. and 8ft.,pallet of 12,4
Truvada- 300mg -TENOFADIR/EMTRICITABINE ,case of 10,4
Tube-  Chest- 32 FR,case of 10,2
Tube- Chest- 10 FR,case of 10,2
Tube- Chest- 20 FR,case of 10,2
Tube- Chest- 36 FR,case of 10,2
Tube- Endotracheal- 10.0,case of 10,2
Tube- Endotracheal- 3.0,case of 10,2
Tube- Endotracheal- 3.5,case of 10,2
Tube- Endotracheal- 4.0,case of 10,2
Tube- Endotracheal- 4.5,case of 10,2
Tube- Endotracheal- 5.0,case of 10,2
Tube- Endotracheal- 5.5,case of 10,2
Tube- Endotracheal- 6.0,case of 10,2
Tube- Endotracheal- 7.0,case of 10,2
Tube- Holder- Blood Collection,12,2
Tube- Red Top- 7ml,4,2
Tube- Stomach- K9- 4 total: 2 small- 2 medium,3,2
Tubes- Endotracheal- 8.0,8,2
Tubes- NG- Adult- 18 French,5,2
Tubes- NG- Pediatric- 8 French,10,2
Tubing- IV- Coiled- 10gts/cc-Tactical,2,2
Tubing- Oxygen Extension- 25-50ft. starred lumen,4,2
Tubing- Oxygen Extension- 7ft. starred lumen,5,2
Tubing- Suction- spare ,3,2
Turnbuckle-1 inch- Jaw to Jaw-,5,4
U chanel Base 4 x 4- SPARE,5,4
U channel Base 6 x 6- SPARE,5,4
Urinal,5,4
Urine Multi-stix -or equivalent- 100 Strips/Pkg,5,4
US&R Task Force Kit w/ case,5,4
Utility knife ,5,4
Valve- Diverter- 5-way- 2-15 LPM- ,5,4
Valve- manifold/control- Air bag- high-pressure- KIT,5,4
Valve- Positive End-Expiratory Pressure -PEEP,5,4
Valve- Relief- Air bag- for high-pressure air bags,5,4
Vancomycin- 1gm unit doses- IV,4,4
Vecuronium- Injection- 10mg vials,2 vials,2
Vent Thoracic- Chest decompression,5,2
Ventilator- Automatic Emergency- w/accessories & case,5,2
Vest- Backpack/Equipment- for carrying tools    ,5,4
Vest- Travel- Canine- FEMA US&R Design- 12 Total,5,4
Vetwrap-  3 inch rolls- 12/box ,3 boxes,4
Victim protection kits,case of 25,4
Video camera- hand-held- digital- with low light capability,2,4
Video System- Portable- Camera- telescoping with color monitor,2,4
Waders- Hip or Chest- w/Boots or Neoprene Socks & suspenders,5,4
Water  Purification System ,5,4
Water filtration bottles- 28-ounce ,12 cases,4
Water Heater System- Multi Fuel ,5,4
Water Pump- 5 gal/min,5,4
Water Pump- Sump,5,4
Water Pump- Sump- Hazard Material- 8 gal/min,5,4
Water Rescue Boots- Various Sizes,pallet of 12,4
Water temperature test kit,pallet of 12,4
Water test kit- PH- Std,pallet of 12,4
Weather/Wind Meter ,pallet of 12,4
Webbing- Tubular- 1 inch- MBS 4-000 lbs- 300ft. roll- Various Colors,pallet of 12,4
Webbing- Tubular- 2 inch- MBS 4-000 lbs- 300ft. roll- Various Colors,pallet of 12,4
Webbing- tubular- 2 inch- MTS 6-000 lbs.,pallet of 12,4
Welder/Generator with  Welding Kit ,box of 5,4
Welding Chisel w/Brush ,box of 5,4
Welding Electrode and Ground Cable- #2 Cable- 60 ft ,box of 5,4
Welding Gloves ,box of 5,4
Welding Jacket- Large- 30in- Black ,box of 5,4
Welding Jacket- Large- 30in- Green ,box of 5,4
Welding Respirator- full face piece ,box of 5,4
Wet/dry vacuum- 10 gal,box of 5,4
Wet/dry vacuum- 16 gal,pallet of 12,4
Wet/dry vacuum- 4 gal,pallet of 12,4
Wet/dry vacuum- 8 gal,pallet of 12,4
Wheel Mandrel Set- Arbor 1/4 inch Shank,pallet of 12,4
Wheelbarrows ,pallet of 4,4
Wheels- Abrasive- cutoff - 3 inch- A36 grit,pallet of 12,4
Whistle Airway Monitor,pallet of 12,4
Whistle- Safety- Storm- Hi Visibility Orange,box of 25 pair,4
Wipes- Alcohol- 200/box,box of 25 pair,4
Wipes- Baby- Pre-Moistened,box of 25 pair,4
Wipes- Pre-Moistened Towlettes -wet wipes- box,box of 25 pair,4
Wire Cutter- 8 inch,box of 25 pair,4
Wool Blanket- Black ,box of 25 pair,4
Wool Blanket- Blue ,box of 25 pair,4
Wool Blanket- Gray ,box of 25 pair,4
Wool Blanket- Green ,box of 25 pair,4
Wool Blanket- Red ,box of 25 pair,4
Work gloves- Cotton- Ex Lg,box of 25 pair,4
Work gloves- Cotton- Lg,box of 25 pair,4
Work gloves- Cotton- Med,box of 25 pair,4
Work gloves- Cotton- Small,box of 25 pair,4
Work gloves- Leather- Electrial Ex Lg,box of 25 pair,4
Work gloves- Leather- Electrial Lg,box of 25 pair,4
Work gloves- Leather- Electrial Med,box of 25 pair,4
Work gloves- Leather- Ex Lg,box of 25 pair,4
Work gloves- Leather- Lg,box of 25 pair,4
Work gloves- Leather- Med,box of 25 pair,4
Work gloves- Leather- Small,box of 25 pair,4
Wrap- stretch 20 inch- roll- with handles,case of 20,4
Wrench- Adjustable- 0 - 1 Inch,case of 20,4
Wrench- Adjustable- 0 - 1-1/2 Inch,case of 20,4
Wrench- Adjustable- 0 - 2 Inch,case of 20,4
Wrench- Adjustable- 0 - 3 Inch,case of 20,4
Wrench- Adjustable- Water pump- 0 - 1 Inch- Set,case of 20,4
Wrench- Adjustable- Water pump- 0 - 1-1/2 Inch,case of 20,4
Wrench- Adjustable- Water pump- 0 - 2 Inch,case of 20,4
Wrench- Adjustable- Water pump- 0 - 3 Inch,case of 20,4
Wrench- Adjustable- Water pump- 0 - 4 Inch,case of 20,4
Wrench- box end 1 Inch,case of 20,4
Wrench- box end 1/16 Inch,case of 20,4
Wrench- box end 1/16 to 2 Inch- set,case of 20,4
Wrench- box end 1/2 Inch,case of 20,4
Wrench- box end 1/4 Inch,case of 20,4
Wrench- box end 1/8 Inch,case of 20,4
Wrench- box end 11/16 Inch,case of 20,4
Wrench- box end 1-1/16 Inch,case of 20,4
Wrench- box end 1-1/2 Inch,case of 20,4
Wrench- box end 1-1/4 Inch,case of 20,4
Wrench- box end 1-1/8 Inch,case of 20,4
Wrench- box end 1-11/16 Inch,case of 20,4
Wrench- box end 1-13/16 Inch,case of 20,4
Wrench- box end 1-15/16 Inch,case of 20,4
Wrench- box end 13/16 Inch,case of 20,4
Wrench- box end 1-3/16 Inch,case of 20,4
Wrench- box end 1-3/4 Inch,case of 20,4
Wrench- box end 1-3/8 Inch,case of 20,4
Wrench- box end 15/16 Inch,case of 20,4
Wrench- box end 1-5/16 Inch,case of 20,4
Wrench- box end 1-5/8 Inch,case of 20,4
Wrench- box end 1-7/16 Inch,case of 20,4
Wrench- box end 1-7/8 Inch,case of 20,4
Wrench- box end 1-9/16 Inch,case of 20,4
Wrench- box end 2 Inch,case of 20,4
Wrench- box end 3/16 Inch,case of 20,4
Wrench- box end 3/4 Inch,case of 20,4
Wrench- box end 3/8 Inch,case of 20,4
Wrench- box end 5/16 Inch,case of 20,4
Wrench- box end 5/8 Inch,case of 20,4
Wrench- box end 7/16 Inch,case of 20,4
Wrench- box end 7/8 Inch,case of 20,4
Wrench- box end 9/16 Inch,case of 20,4
Wrench- Combination 1 Inch,case of 20,4
Wrench- Combination 1/16 Inch,case of 20,4
Wrench- Combination 1/16 to 2 Inch- Set,case of 20,4
Wrench- Combination 1/2 Inch,case of 20,4
Wrench- Combination 1/4 Inch,case of 20,4
Wrench- Combination 1/8 Inch,case of 20,4
Wrench- Combination 11/16 Inch,case of 20,4
Wrench- Combination 1-1/16 Inch,case of 20,4
Wrench- Combination 1-1/2 Inch,case of 20,4
Wrench- Combination 1-1/4 Inch,case of 20,4
Wrench- Combination 1-1/8 Inch,case of 20,4
Wrench- Combination 1-11/16 Inch,case of 20,4
Wrench- Combination 1-13/16 Inch,case of 20,4
Wrench- Combination 1-15/16 Inch,case of 20,4
Wrench- Combination 13/16 Inch,case of 20,4
Wrench- Combination 1-3/16 Inch,case of 20,4
Wrench- Combination 1-3/4 Inch,case of 20,4
Wrench- Combination 1-3/8 Inch,case of 20,4
Wrench- Combination 15/16 Inch,case of 20,4
Wrench- Combination 1-5/16 Inch,case of 20,4
Wrench- Combination 1-5/8 Inch,case of 20,4
Wrench- Combination 1-7/16 Inch,case of 20,4
Wrench- Combination 1-7/8 Inch,case of 20,4
Wrench- Combination 1-9/16 Inch,case of 20,4
Wrench- Combination 3/16 Inch,case of 20,4
Wrench- Combination 3/4 Inch,case of 20,4
Wrench- Combination 3/8 Inch,case of 20,4
Wrench- Combination 5/16 Inch,case of 20,4
Wrench- Combination 5/8 Inch,case of 20,4
Wrench- Combination 7/16 Inch,case of 20,4
Wrench- Combination 7/8 Inch,case of 20,4
Wrench- Combination 9/16 Inch,case of 20,4
Wrench- Openend 1 Inch,case of 20,4
Wrench- Openend 1/16 Inch,case of 20,4
Wrench- Openend 1/16 to 2 Inch- Set,case of 20,4
Wrench- Openend 1/2 Inch,case of 20,4
Wrench- Openend 1/4 Inch,case of 20,4
Wrench- Openend 1/8 Inch,case of 20,4
Wrench- Openend 11/16 Inch,case of 20,4
Wrench- Openend 1-1/16 Inch,case of 20,4
Wrench- Openend 1-1/2 Inch,case of 20,4
Wrench- Openend 1-1/4 Inch,case of 20,4
Wrench- Openend 1-1/8 Inch,case of 20,4
Wrench- Openend 1-11/16 Inch,case of 20,4
Wrench- Openend 1-13/16 Inch,case of 20,4
Wrench- Openend 1-15/16 Inch,case of 20,4
Wrench- Openend 13/16 Inch,case of 20,4
Wrench- Openend 1-3/16 Inch,case of 20,4
Wrench- Openend 1-3/4 Inch,case of 20,4
Wrench- Openend 1-3/8 Inch,case of 20,4
Wrench- Openend 15/16 Inch,case of 20,4
Wrench- Openend 1-5/16 Inch,case of 20,4
Wrench- Openend 1-5/8 Inch,case of 20,4
Wrench- Openend 1-7/16 Inch,case of 20,4
Wrench- Openend 1-7/8 Inch,case of 20,4
Wrench- Openend 1-9/16 Inch,case of 20,4
Wrench- Openend 2 Inch,case of 20,4
Wrench- Openend 3/16 Inch,case of 20,4
Wrench- Openend 3/4 Inch,case of 20,4
Wrench- Openend 3/8 Inch,case of 20,4
Wrench- Openend 5/16 Inch,case of 20,4
Wrench- Openend 5/8 Inch,case of 20,4
Wrench- Openend 7/16 Inch,case of 20,4
Wrench- Openend 7/8 Inch,case of 20,4
Wrench- Openend 9/16 Inch,case of 20,4
Wrench- Torque- 1/2 inch drive- 10-100 Ft. Lb.- Adjustable,case of 20,4
Wrench- Torque- 1/2 inch drive- 10-200 Ft. Lb.- Adjustable,case of 20,4
Wrench- Torque- 1/2 inch drive- 10-250 Ft. Lb.- Adjustable,case of 20,4
Wrench- Torque- 1/2 inch drive- 10-300 Ft. Lb.- Adjustable,case of 20,4
Wrench- Torque- 1/2 inch drive- 10-50 Ft. Lb.- Adjustable,case of 20,4
Wrench- Torque- 1/4 inch drive- 10-25 inch Lb.- Adjustable,case of 20,4
Wrench- Torque- 1/4 inch drive- 10-50 inch Lb.- Adjustable,case of 20,4
Wrench- Torque- 1/4 inch drive- 10-75 inch Lb.- Adjustable,case of 20,4
Zofran tablets- 8mg,100 tablets,4
Rubber boots- lace- size 10 ,case of 20,4
Rubber boots- lace- size 11,case of 20,4
Rubber boots- lace- size 12 ,case of 20,4
Rubber boots- lace- size 13,case of 20,4
Rubber boots- lace- size 14,case of 20,4
Rubber boots- lace- size 15,case of 20,4
Rubber boots- lace- size 8 ,case of 20,4
Rubber boots- lace- size 9,case of 20,4
Rubber boots- white- size 10- Zipper,case of 20,4
Rubber boots- white- size 11- Zipper,case of 20,4
Rubber boots- white- size 12- Zipper ,case of 20,4
Rubber boots- white- size 13- Zipper,case of 20,4
Rubber boots- white- size 14- Zipper,case of 20,4
Rubber boots- white- size 15- Zipper,case of 20,4
Rubber boots- white- size 8 - Zipper,case of 20,4
Rubber boots- white- size 9- Zipper,case of 20,4
Rubber boots- Red- lace- size 10 ,case of 20,4
Rubber boots-  Red- lace- size 11,case of 20,4
Rubber boots- Red- lace- size 12 ,case of 20,4
Rubber boots- Red- lace- size 13,case of 20,4
Rubber boots- Red- lace- size 14,case of 20,4
Rubber boots- Red- lace- size 15,case of 20,4
Rubber boots- Red- lace- size 8 ,case of 20,4
Rubber boots- Red- lace- size 9,case of 20,4
Rubber boots- white- size 10- Zipper- Hard Toe,case of 20,4
Rubber boots- white- size 11- Zipper- Hard Toe,case of 20,4
Rubber boots- white- size 12- Zipper - Hard Toe,case of 20,4
Rubber boots- white- size 13- Zipper- Hard Toe,case of 20,4
Rubber boots- white- size 14- Zipper- Hard Toe,case of 20,4
Rubber boots- white- size 15- Zipper- Hard Toe,case of 20,4
Rubber boots- white- size 8 - Zipper- Hard Toe,case of 20,4
Rubber boots- white- size 9- Zipper- Hard Toe,case of 20,4
Shore Line,100 feet,4
Sky Hooks- Left-Handed,5,4
Sky Hooks- Right-Handed,5,4
COVID-19 Antibody Test Kit,375,2
InBios Smart Detect SARS-CoV-2 Test Kit,500,2
Gnomegen COVID-19 RT-Digital PCR Detection Kit,500,2
CO-DIAGNOSTICS Logix Smart Coronavirus (COVID-19) Test Kit,500,2
ScienCell SARS-CoV-2 Coronavirus Detection Kit,500,2
Luminex ARIES SARS-CoV-2 Test Kit,500,2
Luminex NxTAG CoV Extended Panel Test Kit,825,2
BD BioGX SARS-CoV-2 Reagents for BD MAX Test Kit,500,2
BD SARS-CoV-2 Reagents for BD MAX Test Kit,1050,2
Ipsum Diagnostics COV-19 IDx Test Kit,500,2
Cellex qSARS-CoV-2 IgG/IgM Rapid Test Kit,775,2
QIAGEN QIAstat-Dx Respiratory SARS-CoV-2 Panel Test Kit,500,2
NeuMoDx Molecular SARS-CoV-2 Test Kit,400,2
Abbot ID NOW COVID-19 Test Kit,1025,2
BGI Genomics Real-Time Fluorescent RT-PCR Test Kit,500,2
Avellino CoV-2 Test Kit,575,2
PerkinElmer New Coronavirus Nucleic Acid Detection Kit,925,2
Mesa Biotech Accula SARS-Cov-2 Test Kit,1000,2
BioFire Diagnostics BioFire COVID-19 Test Kit,500,2
Cepheid Xpert Xpress SARS-CoV-2 Test Kit,625,2
Primerdesign Ltd. COVID-19 genesig Kit,560,2
GenMark Diagnostics ePlex SARS-CoV-2 Test Kit,750,2
DiaSorin Molecular Simplexa COVID-19 Direct Test Kit,700,2
Abbott RealTime SARS-CoV-2 Test Kit,450,2
QuestDiagnostics SARS Coronavirus With CoV-2 RNA Test Kit,650,2
Quidel Lyra SARS-CoV-2 Test Kit,700,2
LabCorp COVID-19 Test Kit,500,2
Hologic Panther Fusion SARS-CoV-2 Test Kit,475,2
ThermoFisher Scientific TaqPath COVID-19 Multiplex Diagnostic Solution,900,2
DiaCarta QuantiVirus SARS-CoV-2 Test Kit,675,2
Roche cobas SARS-CoV-2 Test,525,2
New York State SARS-CoV-2 Diagnostic Panel Test Kit,50,2
MFJ-1270X TNC-X Packet Controller,5,4
Kantronics KPC-3+ Packet TNC,3,4
Yaesu FT-991A HF/VHF/UHF Transceiver,25,4
Yaesu FT-DX-101D HF Transceiver,15,4
Kantronics 9612XE Packet Communicator TNC,1,4
Kantronics KAM XL TNC,1,4
Kantronics MT 1200 TNC,1,4
SCS P4dragon DR-7800 Pactor Modem,20,4
SCS P4dragon DR-7400 Pactor Modem,10,4
SCS PTC-IIIusb Pactor Modem,1,4
Yaesu FTM-400DR VHF/UHF Transceiver,5,4
Yaesu FTM-300DR VHF/UHF Transceiver,5,4
Yaesu FT-2980R VHF Transceiver,3,4
Icom IC-7610 HF Transceiver,2,4
Icom IC-7300 HF Transceiver,4,4
Elders Quorum President Survival Kit w/Beef Jerky,5,3
Relief Society President Survival Kit w/Extra Chocolate Bars,5,1
Charmin Forever Roll Toilet Paper Kit,150,1
Toilet Paper Mega Pack,1000,1
Dr. Nelson's Vitamin Pills - Spiritual Variety Pack,2500,1
